<?xml version="1.0" encoding="UTF-8"?>
<mapping xmlns:xsi="http://www.w3.org/2001/XMLSchema-instance" xsi:noNamespaceSchemaLocation="zb.xsd">
  <!--ZBNr: 9166750, I-Stufe: F001-08-09-355-->
  <row>
    <zbnr>9166750</zbnr>
    <progref>
      <ZZZPPPx>0092550</ZZZPPPx>
      <projektvariante>F</projektvariante>
      <programmstand_ae-index>030</programmstand_ae-index>
      <prg-ersteller>A</prg-ersteller>
    </progref>
    <swfl-sgbmid-paf>
      <processClass>SWFL</processClass>
      <id>000001FF</id>
      <mainVersion>1</mainVersion>
      <subVersion>1</subVersion>
      <patchVersion>0</patchVersion>
    </swfl-sgbmid-paf>
  </row>
  <!--ZBNr: 9176741, I-Stufe: F001-08-09-415-->
  <row>
    <zbnr>9176741</zbnr>
    <progref>
      <ZZZPPPx>0092550</ZZZPPPx>
      <projektvariante>F</projektvariante>
      <programmstand_ae-index>040</programmstand_ae-index>
      <prg-ersteller>A</prg-ersteller>
    </progref>
    <swfl-sgbmid-paf>
      <processClass>SWFL</processClass>
      <id>000001FF</id>
      <mainVersion>1</mainVersion>
      <subVersion>2</subVersion>
      <patchVersion>0</patchVersion>
    </swfl-sgbmid-paf>
  </row>
</mapping>
