<?xml version="1.0" encoding="UTF-8"?>
<mapping xmlns:xsi="http://www.w3.org/2001/XMLSchema-instance" xsi:noNamespaceSchemaLocation="hwel.xsd">
  <!--ZBNr: 9166750, I-Stufe: F001-08-09-355-->
  <row>
    <hwnr>9158574</hwnr>
    <zzzppp>009255</zzzppp>
    <hwel-sgbmid>
      <processClass>HWEL</processClass>
      <id>000001FE</id>
      <mainVersion>1</mainVersion>
      <subVersion>0</subVersion>
      <patchVersion>0</patchVersion>
    </hwel-sgbmid>
  </row>
  <!--ZBNr: 9176741, I-Stufe: F001-08-09-415-->
  <row>
    <hwnr>9177557</hwnr>
    <zzzppp>009255</zzzppp>
    <hwel-sgbmid>
      <processClass>HWEL</processClass>
      <id>000001FE</id>
      <mainVersion>1</mainVersion>
      <subVersion>1</subVersion>
      <patchVersion>0</patchVersion>
    </hwel-sgbmid>
  </row>
</mapping>
