<?xml version="1.0" encoding="UTF-8"?>
<mapping xmlns:xsi="http://www.w3.org/2001/XMLSchema-instance" xsi:noNamespaceSchemaLocation="cafd.xsd">
  <!--ZBNr: 9166750, I-Stufe: F001-08-09-355-->
  <row>
    <zbnr>9166750</zbnr>
    <diagad>37</diagad>
    <cafd-sgbmid>
      <processClass>CAFD</processClass>
      <id>00000201</id>
    </cafd-sgbmid>
  </row>
  <!--ZBNr: 9176741, I-Stufe: F001-08-09-415-->
  <row>
    <zbnr>9176741</zbnr>
    <diagad>37</diagad>
    <cafd-sgbmid>
      <processClass>CAFD</processClass>
      <id>00000201</id>
    </cafd-sgbmid>
  </row>
</mapping>
