<?xml version="1.0" encoding="UTF-8"?>
<mapping xmlns:xsi="http://www.w3.org/2001/XMLSchema-instance" xsi:noNamespaceSchemaLocation="cafd.xsd">
  <!--ZBNr: 9166746, I-Stufe: F001-08-09-355-->
  <row>
    <zbnr>9166746</zbnr>
    <diagad>37</diagad>
    <cafd-sgbmid>
      <processClass>CAFD</processClass>
      <id>000001FD</id>
    </cafd-sgbmid>
  </row>
  <!--ZBNr: 9176740, I-Stufe: F001-08-09-400-->
  <row>
    <zbnr>9176740</zbnr>
    <diagad>37</diagad>
    <cafd-sgbmid>
      <processClass>CAFD</processClass>
      <id>000001FD</id>
    </cafd-sgbmid>
  </row>
  <!--ZBNr: 9181725, I-Stufe: F001-08-09-415-->
  <row>
    <zbnr>9181725</zbnr>
    <diagad>37</diagad>
    <cafd-sgbmid>
      <processClass>CAFD</processClass>
      <id>000001FD</id>
    </cafd-sgbmid>
  </row>
  <!--ZBNr: 9182811, I-Stufe: F001-08-09-450-->
  <row>
    <zbnr>9182811</zbnr>
    <diagad>37</diagad>
    <cafd-sgbmid>
      <processClass>CAFD</processClass>
      <id>000001FD</id>
    </cafd-sgbmid>
  </row>
  <!--ZBNr: 9196250, I-Stufe: F001-09-03-401-->
  <row>
    <zbnr>9196250</zbnr>
    <diagad>37</diagad>
    <cafd-sgbmid>
      <processClass>CAFD</processClass>
      <id>000001FD</id>
    </cafd-sgbmid>
  </row>
  <!--ZBNr: 9197730, I-Stufe: F001-09-03-410-->
  <row>
    <zbnr>9197730</zbnr>
    <diagad>37</diagad>
    <cafd-sgbmid>
      <processClass>CAFD</processClass>
      <id>000001FD</id>
    </cafd-sgbmid>
  </row>
  <!--ZBNr: 9199860, I-Stufe: F001-08-09-510-->
  <row>
    <zbnr>9199860</zbnr>
    <diagad>37</diagad>
    <cafd-sgbmid>
      <processClass>CAFD</processClass>
      <id>000001FD</id>
    </cafd-sgbmid>
  </row>
  <!--ZBNr: 9202457, I-Stufe: F001-09-03-450-->
  <row>
    <zbnr>9202457</zbnr>
    <diagad>37</diagad>
    <cafd-sgbmid>
      <processClass>CAFD</processClass>
      <id>000001FD</id>
    </cafd-sgbmid>
  </row>
  <!--ZBNr: 9204842, I-Stufe: F001-09-03-510-->
  <row>
    <zbnr>9204842</zbnr>
    <diagad>37</diagad>
    <cafd-sgbmid>
      <processClass>CAFD</processClass>
      <id>000001FD</id>
    </cafd-sgbmid>
  </row>
  <!--ZBNr: 9205185, I-Stufe: F001-08-09-529-->
  <row>
    <zbnr>9205185</zbnr>
    <diagad>37</diagad>
    <cafd-sgbmid>
      <processClass>CAFD</processClass>
      <id>000001FD</id>
    </cafd-sgbmid>
  </row>
  <!--ZBNr: 9218708, I-Stufe: F001-11-03-502-->
  <row>
    <zbnr>9218708</zbnr>
    <diagad>37</diagad>
    <cafd-sgbmid>
      <processClass>CAFD</processClass>
      <id>000001FD</id>
    </cafd-sgbmid>
  </row>
</mapping>
