<?xml version="1.0" encoding="UTF-8"?>
<mapping xmlns:xsi="http://www.w3.org/2001/XMLSchema-instance" xsi:noNamespaceSchemaLocation="hwel.xsd">
  <!--ZBNr: 9166746, I-Stufe: F001-08-09-355-->
  <row>
    <hwnr>9166748</hwnr>
    <zzzppp>0091HQ</zzzppp>
    <hwel-sgbmid>
      <processClass>HWEL</processClass>
      <id>000001FA</id>
      <mainVersion>1</mainVersion>
      <subVersion>1</subVersion>
      <patchVersion>0</patchVersion>
    </hwel-sgbmid>
  </row>
  <!--ZBNr: 9218708, I-Stufe: F001-11-03-502-->
  <row>
    <hwnr>9177555</hwnr>
    <zzzppp>0091HQ</zzzppp>
    <hwel-sgbmid>
      <processClass>HWEL</processClass>
      <id>000001FA</id>
      <mainVersion>1</mainVersion>
      <subVersion>2</subVersion>
      <patchVersion>0</patchVersion>
    </hwel-sgbmid>
  </row>
  <!--ZBNr: 9197730, I-Stufe: F001-09-03-410-->
  <row>
    <hwnr>9197733</hwnr>
    <zzzppp>00919V</zzzppp>
    <hwel-sgbmid>
      <processClass>HWEL</processClass>
      <id>000001FA</id>
      <mainVersion>2</mainVersion>
      <subVersion>0</subVersion>
      <patchVersion>0</patchVersion>
    </hwel-sgbmid>
  </row>
  <!--ZBNr: 9202457, I-Stufe: F001-09-03-450-->
  <row>
    <hwnr>9202460</hwnr>
    <zzzppp>00919V</zzzppp>
    <hwel-sgbmid>
      <processClass>HWEL</processClass>
      <id>000001FA</id>
      <mainVersion>2</mainVersion>
      <subVersion>1</subVersion>
      <patchVersion>0</patchVersion>
    </hwel-sgbmid>
  </row>
</mapping>
