<?xml version="1.0" encoding="UTF-8"?>
<mapping xmlns:xsi="http://www.w3.org/2001/XMLSchema-instance" xsi:noNamespaceSchemaLocation="zb.xsd">
  <!--ZBNr: 9166746, I-Stufe: F001-08-09-355-->
  <row>
    <zbnr>9166746</zbnr>
    <progref>
      <ZZZPPPx>0091HQ0</ZZZPPPx>
      <projektvariante>F</projektvariante>
      <programmstand_ae-index>320</programmstand_ae-index>
      <prg-ersteller>A</prg-ersteller>
    </progref>
    <datenref>
      <ZZZPPPx>0091HQ0</ZZZPPPx>
      <projektvariante>F</projektvariante>
      <programmstand_ae-index>320</programmstand_ae-index>
      <prg-ersteller>A</prg-ersteller>
      <daten-ersteller>1</daten-ersteller>
      <datensatzbez>XW33</datensatzbez>
    </datenref>
    <swfl-sgbmid-paf>
      <processClass>SWFL</processClass>
      <id>000001FB</id>
      <mainVersion>1</mainVersion>
      <subVersion>2</subVersion>
      <patchVersion>0</patchVersion>
    </swfl-sgbmid-paf>
    <swfl-sgbmid-daf>
      <processClass>SWFL</processClass>
      <id>000001FC</id>
      <mainVersion>1</mainVersion>
      <subVersion>2</subVersion>
      <patchVersion>1</patchVersion>
    </swfl-sgbmid-daf>
  </row>
  <!--ZBNr: 9176740, I-Stufe: F001-08-09-400-->
  <row>
    <zbnr>9176740</zbnr>
    <progref>
      <ZZZPPPx>0091HQ0</ZZZPPPx>
      <projektvariante>F</projektvariante>
      <programmstand_ae-index>330</programmstand_ae-index>
      <prg-ersteller>A</prg-ersteller>
    </progref>
    <datenref>
      <ZZZPPPx>0091HQ0</ZZZPPPx>
      <projektvariante>F</projektvariante>
      <programmstand_ae-index>330</programmstand_ae-index>
      <prg-ersteller>A</prg-ersteller>
      <daten-ersteller>1</daten-ersteller>
      <datensatzbez>XW34</datensatzbez>
    </datenref>
    <swfl-sgbmid-paf>
      <processClass>SWFL</processClass>
      <id>000001FB</id>
      <mainVersion>1</mainVersion>
      <subVersion>3</subVersion>
      <patchVersion>2</patchVersion>
    </swfl-sgbmid-paf>
    <swfl-sgbmid-daf>
      <processClass>SWFL</processClass>
      <id>000001FC</id>
      <mainVersion>1</mainVersion>
      <subVersion>3</subVersion>
      <patchVersion>2</patchVersion>
    </swfl-sgbmid-daf>
  </row>
  <!--ZBNr: 9181725, I-Stufe: F001-08-09-415-->
  <row>
    <zbnr>9181725</zbnr>
    <progref>
      <ZZZPPPx>0091HQ0</ZZZPPPx>
      <projektvariante>F</projektvariante>
      <programmstand_ae-index>340</programmstand_ae-index>
      <prg-ersteller>A</prg-ersteller>
    </progref>
    <datenref>
      <ZZZPPPx>0091HQ0</ZZZPPPx>
      <projektvariante>F</projektvariante>
      <programmstand_ae-index>340</programmstand_ae-index>
      <prg-ersteller>A</prg-ersteller>
      <daten-ersteller>1</daten-ersteller>
      <datensatzbez>XW35</datensatzbez>
    </datenref>
    <swfl-sgbmid-paf>
      <processClass>SWFL</processClass>
      <id>000001FB</id>
      <mainVersion>1</mainVersion>
      <subVersion>4</subVersion>
      <patchVersion>0</patchVersion>
    </swfl-sgbmid-paf>
    <swfl-sgbmid-daf>
      <processClass>SWFL</processClass>
      <id>000001FC</id>
      <mainVersion>1</mainVersion>
      <subVersion>4</subVersion>
      <patchVersion>0</patchVersion>
    </swfl-sgbmid-daf>
  </row>
  <!--ZBNr: 9182811, I-Stufe: F001-08-09-450-->
  <row>
    <zbnr>9182811</zbnr>
    <progref>
      <ZZZPPPx>0091HQ0</ZZZPPPx>
      <projektvariante>F</projektvariante>
      <programmstand_ae-index>360</programmstand_ae-index>
      <prg-ersteller>A</prg-ersteller>
    </progref>
    <datenref>
      <ZZZPPPx>0091HQ0</ZZZPPPx>
      <projektvariante>F</projektvariante>
      <programmstand_ae-index>361</programmstand_ae-index>
      <prg-ersteller>A</prg-ersteller>
      <daten-ersteller>1</daten-ersteller>
      <datensatzbez>XW36</datensatzbez>
    </datenref>
    <swfl-sgbmid-paf>
      <processClass>SWFL</processClass>
      <id>000001FB</id>
      <mainVersion>1</mainVersion>
      <subVersion>5</subVersion>
      <patchVersion>0</patchVersion>
    </swfl-sgbmid-paf>
    <swfl-sgbmid-daf>
      <processClass>SWFL</processClass>
      <id>000001FC</id>
      <mainVersion>1</mainVersion>
      <subVersion>5</subVersion>
      <patchVersion>0</patchVersion>
    </swfl-sgbmid-daf>
  </row>
  <!--ZBNr: 9196250, I-Stufe: F001-09-03-401-->
  <row>
    <zbnr>9196250</zbnr>
    <progref>
      <ZZZPPPx>0091HQ0</ZZZPPPx>
      <projektvariante>F</projektvariante>
      <programmstand_ae-index>370</programmstand_ae-index>
      <prg-ersteller>A</prg-ersteller>
    </progref>
    <datenref>
      <ZZZPPPx>0091HQ0</ZZZPPPx>
      <projektvariante>F</projektvariante>
      <programmstand_ae-index>371</programmstand_ae-index>
      <prg-ersteller>A</prg-ersteller>
      <daten-ersteller>1</daten-ersteller>
      <datensatzbez>XW37</datensatzbez>
    </datenref>
    <swfl-sgbmid-paf>
      <processClass>SWFL</processClass>
      <id>000001FB</id>
      <mainVersion>1</mainVersion>
      <subVersion>6</subVersion>
      <patchVersion>0</patchVersion>
    </swfl-sgbmid-paf>
    <swfl-sgbmid-daf>
      <processClass>SWFL</processClass>
      <id>000001FC</id>
      <mainVersion>1</mainVersion>
      <subVersion>6</subVersion>
      <patchVersion>0</patchVersion>
    </swfl-sgbmid-daf>
  </row>
  <!--ZBNr: 9197730, I-Stufe: F001-09-03-410-->
  <row>
    <zbnr>9197730</zbnr>
    <progref>
      <ZZZPPPx>00919V0</ZZZPPPx>
      <projektvariante>F</projektvariante>
      <programmstand_ae-index>410</programmstand_ae-index>
      <prg-ersteller>A</prg-ersteller>
    </progref>
    <datenref>
      <ZZZPPPx>00919V0</ZZZPPPx>
      <projektvariante>F</projektvariante>
      <programmstand_ae-index>410</programmstand_ae-index>
      <prg-ersteller>A</prg-ersteller>
      <daten-ersteller>0</daten-ersteller>
      <datensatzbez>XW41</datensatzbez>
    </datenref>
    <swfl-sgbmid-paf>
      <processClass>SWFL</processClass>
      <id>000001FB</id>
      <mainVersion>1</mainVersion>
      <subVersion>7</subVersion>
      <patchVersion>1</patchVersion>
    </swfl-sgbmid-paf>
    <swfl-sgbmid-daf>
      <processClass>SWFL</processClass>
      <id>000001FC</id>
      <mainVersion>1</mainVersion>
      <subVersion>7</subVersion>
      <patchVersion>1</patchVersion>
    </swfl-sgbmid-daf>
  </row>
  <!--ZBNr: 9199860, I-Stufe: F001-08-09-510-->
  <row>
    <zbnr>9199860</zbnr>
    <progref>
      <ZZZPPPx>0091HQ0</ZZZPPPx>
      <projektvariante>F</projektvariante>
      <programmstand_ae-index>390</programmstand_ae-index>
      <prg-ersteller>A</prg-ersteller>
    </progref>
    <datenref>
      <ZZZPPPx>0091HQ0</ZZZPPPx>
      <projektvariante>F</projektvariante>
      <programmstand_ae-index>390</programmstand_ae-index>
      <prg-ersteller>A</prg-ersteller>
      <daten-ersteller>0</daten-ersteller>
      <datensatzbez>XW39</datensatzbez>
    </datenref>
    <swfl-sgbmid-paf>
      <processClass>SWFL</processClass>
      <id>000001FB</id>
      <mainVersion>1</mainVersion>
      <subVersion>9</subVersion>
      <patchVersion>0</patchVersion>
    </swfl-sgbmid-paf>
    <swfl-sgbmid-daf>
      <processClass>SWFL</processClass>
      <id>000001FC</id>
      <mainVersion>1</mainVersion>
      <subVersion>9</subVersion>
      <patchVersion>0</patchVersion>
    </swfl-sgbmid-daf>
  </row>
  <!--ZBNr: 9202457, I-Stufe: F001-09-03-450-->
  <row>
    <zbnr>9202457</zbnr>
    <progref>
      <ZZZPPPx>00919V0</ZZZPPPx>
      <projektvariante>F</projektvariante>
      <programmstand_ae-index>420</programmstand_ae-index>
      <prg-ersteller>A</prg-ersteller>
    </progref>
    <datenref>
      <ZZZPPPx>00919V0</ZZZPPPx>
      <projektvariante>F</projektvariante>
      <programmstand_ae-index>420</programmstand_ae-index>
      <prg-ersteller>A</prg-ersteller>
      <daten-ersteller>0</daten-ersteller>
      <datensatzbez>XW42</datensatzbez>
    </datenref>
    <swfl-sgbmid-paf>
      <processClass>SWFL</processClass>
      <id>000001FB</id>
      <mainVersion>1</mainVersion>
      <subVersion>8</subVersion>
      <patchVersion>0</patchVersion>
    </swfl-sgbmid-paf>
    <swfl-sgbmid-daf>
      <processClass>SWFL</processClass>
      <id>000001FC</id>
      <mainVersion>1</mainVersion>
      <subVersion>8</subVersion>
      <patchVersion>0</patchVersion>
    </swfl-sgbmid-daf>
  </row>
  <!--ZBNr: 9204842, I-Stufe: F001-09-03-510-->
  <row>
    <zbnr>9204842</zbnr>
    <progref>
      <ZZZPPPx>0091HQ0</ZZZPPPx>
      <projektvariante>F</projektvariante>
      <programmstand_ae-index>410</programmstand_ae-index>
      <prg-ersteller>A</prg-ersteller>
    </progref>
    <datenref>
      <ZZZPPPx>0091HQ0</ZZZPPPx>
      <projektvariante>F</projektvariante>
      <programmstand_ae-index>410</programmstand_ae-index>
      <prg-ersteller>A</prg-ersteller>
      <daten-ersteller>0</daten-ersteller>
      <datensatzbez>XW40</datensatzbez>
    </datenref>
    <swfl-sgbmid-paf>
      <processClass>SWFL</processClass>
      <id>000001FB</id>
      <mainVersion>1</mainVersion>
      <subVersion>11</subVersion>
      <patchVersion>0</patchVersion>
    </swfl-sgbmid-paf>
    <swfl-sgbmid-daf>
      <processClass>SWFL</processClass>
      <id>000001FC</id>
      <mainVersion>1</mainVersion>
      <subVersion>11</subVersion>
      <patchVersion>0</patchVersion>
    </swfl-sgbmid-daf>
  </row>
  <!--ZBNr: 9205185, I-Stufe: F001-08-09-529-->
  <row>
    <zbnr>9205185</zbnr>
    <progref>
      <ZZZPPPx>0091HQ0</ZZZPPPx>
      <projektvariante>F</projektvariante>
      <programmstand_ae-index>3B0</programmstand_ae-index>
      <prg-ersteller>A</prg-ersteller>
    </progref>
    <datenref>
      <ZZZPPPx>0091HQ0</ZZZPPPx>
      <projektvariante>F</projektvariante>
      <programmstand_ae-index>3B0</programmstand_ae-index>
      <prg-ersteller>A</prg-ersteller>
      <daten-ersteller>0</daten-ersteller>
      <datensatzbez>XW3B</datensatzbez>
    </datenref>
    <swfl-sgbmid-paf>
      <processClass>SWFL</processClass>
      <id>000001FB</id>
      <mainVersion>1</mainVersion>
      <subVersion>10</subVersion>
      <patchVersion>0</patchVersion>
    </swfl-sgbmid-paf>
    <swfl-sgbmid-daf>
      <processClass>SWFL</processClass>
      <id>000001FC</id>
      <mainVersion>1</mainVersion>
      <subVersion>10</subVersion>
      <patchVersion>0</patchVersion>
    </swfl-sgbmid-daf>
  </row>
  <!--ZBNr: 9218708, I-Stufe: F001-11-03-502-->
  <row>
    <zbnr>9218708</zbnr>
    <progref>
      <ZZZPPPx>0091HQ0</ZZZPPPx>
      <projektvariante>F</projektvariante>
      <programmstand_ae-index>420</programmstand_ae-index>
      <prg-ersteller>A</prg-ersteller>
    </progref>
    <datenref>
      <ZZZPPPx>0091HQ0</ZZZPPPx>
      <projektvariante>F</projektvariante>
      <programmstand_ae-index>420</programmstand_ae-index>
      <prg-ersteller>A</prg-ersteller>
      <daten-ersteller>0</daten-ersteller>
      <datensatzbez>XW42</datensatzbez>
    </datenref>
    <swfl-sgbmid-paf>
      <processClass>SWFL</processClass>
      <id>000001FB</id>
      <mainVersion>1</mainVersion>
      <subVersion>12</subVersion>
      <patchVersion>0</patchVersion>
    </swfl-sgbmid-paf>
    <swfl-sgbmid-daf>
      <processClass>SWFL</processClass>
      <id>000001FC</id>
      <mainVersion>1</mainVersion>
      <subVersion>12</subVersion>
      <patchVersion>0</patchVersion>
    </swfl-sgbmid-daf>
  </row>
</mapping>
