<?xml version="1.0" encoding="UTF-8"?>
<mapping xmlns:xsi="http://www.w3.org/2001/XMLSchema-instance" xsi:noNamespaceSchemaLocation="btld.xsd">
  <!--ZBNr: 9202457, I-Stufe: F001-09-03-450-->
  <row>
    <zzzpppx>00919V0</zzzpppx>
    <btld-sgbmid>
      <processClass>BTLD</processClass>
      <id>000001E1</id>
      <mainVersion>2</mainVersion>
      <subVersion>0</subVersion>
      <patchVersion>0</patchVersion>
    </btld-sgbmid>
  </row>
  <!--ZBNr: 9218708, I-Stufe: F001-11-03-502-->
  <row>
    <zzzpppx>0091HQ0</zzzpppx>
    <btld-sgbmid>
      <processClass>BTLD</processClass>
      <id>000001E1</id>
      <mainVersion>1</mainVersion>
      <subVersion>1</subVersion>
      <patchVersion>0</patchVersion>
    </btld-sgbmid>
  </row>
</mapping>
