<?xml version="1.0" encoding="UTF-8"?>
<FCFNLISTE xmlns="http://bmw.com/2005/psdz.data.fcfnliste">
  <FCFN>
    <AN>0008</AN>
    <DIAG-ADDR>3B</DIAG-ADDR>
    <DESCRIPTION></DESCRIPTION>
  </FCFN>
  <FCFN>
    <AN>001D</AN>
    <DIAG-ADDR>63</DIAG-ADDR>
    <DESCRIPTION></DESCRIPTION>
  </FCFN>
  <FCFN>
    <AN>0028</AN>
    <DIAG-ADDR>63</DIAG-ADDR>
    <DESCRIPTION></DESCRIPTION>
  </FCFN>
  <FCFN>
    <AN>002D</AN>
    <DIAG-ADDR>63</DIAG-ADDR>
    <DESCRIPTION></DESCRIPTION>
  </FCFN>
  <FCFN>
    <AN>002F</AN>
    <DIAG-ADDR>63</DIAG-ADDR>
    <DESCRIPTION></DESCRIPTION>
  </FCFN>
  <FCFN>
    <AN>0030</AN>
    <DIAG-ADDR>63</DIAG-ADDR>
    <DESCRIPTION></DESCRIPTION>
  </FCFN>
  <FCFN>
    <AN>0035</AN>
    <DIAG-ADDR>63</DIAG-ADDR>
    <DESCRIPTION></DESCRIPTION>
  </FCFN>
  <FCFN>
    <AN>0036</AN>
    <DIAG-ADDR>63</DIAG-ADDR>
    <DESCRIPTION></DESCRIPTION>
  </FCFN>
  <FCFN>
    <AN>0037</AN>
    <DIAG-ADDR>63</DIAG-ADDR>
    <DESCRIPTION></DESCRIPTION>
  </FCFN>
  <FCFN>
    <AN>0038</AN>
    <DIAG-ADDR>63</DIAG-ADDR>
    <DESCRIPTION></DESCRIPTION>
  </FCFN>
  <FCFN>
    <AN>0039</AN>
    <DIAG-ADDR>63</DIAG-ADDR>
    <DESCRIPTION></DESCRIPTION>
  </FCFN>
  <FCFN>
    <AN>003A</AN>
    <DIAG-ADDR>63</DIAG-ADDR>
    <DESCRIPTION></DESCRIPTION>
  </FCFN>
  <FCFN>
    <AN>003B</AN>
    <DIAG-ADDR>63</DIAG-ADDR>
    <DESCRIPTION></DESCRIPTION>
  </FCFN>
  <FCFN>
    <AN>003E</AN>
    <DIAG-ADDR>63</DIAG-ADDR>
    <DESCRIPTION></DESCRIPTION>
  </FCFN>
  <FCFN>
    <AN>003F</AN>
    <DIAG-ADDR>63</DIAG-ADDR>
    <DESCRIPTION></DESCRIPTION>
  </FCFN>
  <FCFN>
    <AN>0047</AN>
    <DIAG-ADDR>63</DIAG-ADDR>
    <DESCRIPTION></DESCRIPTION>
  </FCFN>
  <FCFN>
    <AN>004E</AN>
    <DIAG-ADDR>63</DIAG-ADDR>
    <DESCRIPTION></DESCRIPTION>
  </FCFN>
  <FCFN>
    <AN>0054</AN>
    <DIAG-ADDR>63</DIAG-ADDR>
    <DESCRIPTION></DESCRIPTION>
  </FCFN>
  <FCFN>
    <AN>006A</AN>
    <DIAG-ADDR>63</DIAG-ADDR>
    <DESCRIPTION></DESCRIPTION>
  </FCFN>
  <FCFN>
    <AN>0088</AN>
    <DIAG-ADDR>63</DIAG-ADDR>
    <DESCRIPTION></DESCRIPTION>
  </FCFN>
  <FCFN>
    <AN>0089</AN>
    <DIAG-ADDR>63</DIAG-ADDR>
    <DESCRIPTION></DESCRIPTION>
  </FCFN>
  <FCFN>
    <AN>008A</AN>
    <DIAG-ADDR>63</DIAG-ADDR>
    <DESCRIPTION></DESCRIPTION>
  </FCFN>
  <FCFN>
    <AN>008B</AN>
    <DIAG-ADDR>63</DIAG-ADDR>
    <DESCRIPTION></DESCRIPTION>
  </FCFN>
  <FCFN>
    <AN>008C</AN>
    <DIAG-ADDR>63</DIAG-ADDR>
    <DESCRIPTION></DESCRIPTION>
  </FCFN>
  <FCFN>
    <AN>008D</AN>
    <DIAG-ADDR>63</DIAG-ADDR>
    <DESCRIPTION></DESCRIPTION>
  </FCFN>
  <FCFN>
    <AN>00A4</AN>
    <DIAG-ADDR>63</DIAG-ADDR>
    <DESCRIPTION></DESCRIPTION>
  </FCFN>
  <FCFN>
    <AN>00A5</AN>
    <DIAG-ADDR>63</DIAG-ADDR>
    <DESCRIPTION></DESCRIPTION>
  </FCFN>
  <FCFN>
    <AN>00A6</AN>
    <DIAG-ADDR>63</DIAG-ADDR>
    <DESCRIPTION></DESCRIPTION>
  </FCFN>
  <FCFN>
    <AN>00A7</AN>
    <DIAG-ADDR>63</DIAG-ADDR>
    <DESCRIPTION></DESCRIPTION>
  </FCFN>
  <FCFN>
    <AN>00A8</AN>
    <DIAG-ADDR>63</DIAG-ADDR>
    <DESCRIPTION></DESCRIPTION>
  </FCFN>
  <FCFN>
    <AN>00A9</AN>
    <DIAG-ADDR>63</DIAG-ADDR>
    <DESCRIPTION></DESCRIPTION>
  </FCFN>
  <FCFN>
    <AN>00AA</AN>
    <DIAG-ADDR>63</DIAG-ADDR>
    <DESCRIPTION></DESCRIPTION>
  </FCFN>
  <FCFN>
    <AN>00AB</AN>
    <DIAG-ADDR>63</DIAG-ADDR>
    <DESCRIPTION></DESCRIPTION>
  </FCFN>
  <FCFN>
    <AN>00AC</AN>
    <DIAG-ADDR>63</DIAG-ADDR>
    <DESCRIPTION></DESCRIPTION>
  </FCFN>
  <FCFN>
    <AN>00AD</AN>
    <DIAG-ADDR>63</DIAG-ADDR>
    <DESCRIPTION></DESCRIPTION>
  </FCFN>
  <FCFN>
    <AN>00AE</AN>
    <DIAG-ADDR>63</DIAG-ADDR>
    <DESCRIPTION></DESCRIPTION>
  </FCFN>
  <FCFN>
    <AN>00AF</AN>
    <DIAG-ADDR>63</DIAG-ADDR>
    <DESCRIPTION></DESCRIPTION>
  </FCFN>
  <FCFN>
    <AN>00B0</AN>
    <DIAG-ADDR>63</DIAG-ADDR>
    <DESCRIPTION></DESCRIPTION>
  </FCFN>
  <FCFN>
    <AN>00B1</AN>
    <DIAG-ADDR>63</DIAG-ADDR>
    <DESCRIPTION></DESCRIPTION>
  </FCFN>
  <FCFN>
    <AN>00B2</AN>
    <DIAG-ADDR>63</DIAG-ADDR>
    <DESCRIPTION></DESCRIPTION>
  </FCFN>
  <FCFN>
    <AN>00B3</AN>
    <DIAG-ADDR>63</DIAG-ADDR>
    <DESCRIPTION></DESCRIPTION>
  </FCFN>
  <FCFN>
    <AN>00B4</AN>
    <DIAG-ADDR>63</DIAG-ADDR>
    <DESCRIPTION></DESCRIPTION>
  </FCFN>
  <FCFN>
    <AN>00B5</AN>
    <DIAG-ADDR>63</DIAG-ADDR>
    <DESCRIPTION></DESCRIPTION>
  </FCFN>
  <FCFN>
    <AN>00B6</AN>
    <DIAG-ADDR>63</DIAG-ADDR>
    <DESCRIPTION></DESCRIPTION>
  </FCFN>
  <FCFN>
    <AN>00B7</AN>
    <DIAG-ADDR>63</DIAG-ADDR>
    <DESCRIPTION></DESCRIPTION>
  </FCFN>
  <FCFN>
    <AN>00B8</AN>
    <DIAG-ADDR>63</DIAG-ADDR>
    <DESCRIPTION></DESCRIPTION>
  </FCFN>
  <FCFN>
    <AN>00B9</AN>
    <DIAG-ADDR>63</DIAG-ADDR>
    <DESCRIPTION></DESCRIPTION>
  </FCFN>
  <FCFN>
    <AN>00BA</AN>
    <DIAG-ADDR>63</DIAG-ADDR>
    <DESCRIPTION></DESCRIPTION>
  </FCFN>
  <FCFN>
    <AN>00BB</AN>
    <DIAG-ADDR>63</DIAG-ADDR>
    <DESCRIPTION></DESCRIPTION>
  </FCFN>
  <FCFN>
    <AN>00BC</AN>
    <DIAG-ADDR>63</DIAG-ADDR>
    <DESCRIPTION></DESCRIPTION>
  </FCFN>
  <FCFN>
    <AN>00C4</AN>
    <DIAG-ADDR>63</DIAG-ADDR>
    <DESCRIPTION></DESCRIPTION>
  </FCFN>
  <FCFN>
    <AN>00CA</AN>
    <DIAG-ADDR>63</DIAG-ADDR>
    <DESCRIPTION></DESCRIPTION>
  </FCFN>
  <FCFN>
    <AN>00CC</AN>
    <DIAG-ADDR>63</DIAG-ADDR>
    <DESCRIPTION></DESCRIPTION>
  </FCFN>
  <FCFN>
    <AN>00CD</AN>
    <DIAG-ADDR>63</DIAG-ADDR>
    <DESCRIPTION></DESCRIPTION>
  </FCFN>
  <FCFN>
    <AN>00CE</AN>
    <DIAG-ADDR>63</DIAG-ADDR>
    <DESCRIPTION></DESCRIPTION>
  </FCFN>
  <FCFN>
    <AN>00DD</AN>
    <DIAG-ADDR>63</DIAG-ADDR>
    <DESCRIPTION></DESCRIPTION>
  </FCFN>
  <FCFN>
    <AN>00F1</AN>
    <DIAG-ADDR>63</DIAG-ADDR>
    <DESCRIPTION></DESCRIPTION>
  </FCFN>
  <FCFN>
    <AN>00F2</AN>
    <DIAG-ADDR>63</DIAG-ADDR>
    <DESCRIPTION></DESCRIPTION>
  </FCFN>
  <FCFN>
    <AN>00F3</AN>
    <DIAG-ADDR>63</DIAG-ADDR>
    <DESCRIPTION></DESCRIPTION>
  </FCFN>
  <FCFN>
    <AN>00F4</AN>
    <DIAG-ADDR>63</DIAG-ADDR>
    <DESCRIPTION></DESCRIPTION>
  </FCFN>
  <FCFN>
    <AN>00F5</AN>
    <DIAG-ADDR>63</DIAG-ADDR>
    <DESCRIPTION></DESCRIPTION>
  </FCFN>
  <FCFN>
    <AN>00F6</AN>
    <DIAG-ADDR>63</DIAG-ADDR>
    <DESCRIPTION></DESCRIPTION>
  </FCFN>
  <FCFN>
    <AN>00F7</AN>
    <DIAG-ADDR>63</DIAG-ADDR>
    <DESCRIPTION></DESCRIPTION>
  </FCFN>
  <FCFN>
    <AN>00F8</AN>
    <DIAG-ADDR>63</DIAG-ADDR>
    <DESCRIPTION></DESCRIPTION>
  </FCFN>
  <FCFN>
    <AN>00F9</AN>
    <DIAG-ADDR>63</DIAG-ADDR>
    <DESCRIPTION></DESCRIPTION>
  </FCFN>
  <FCFN>
    <AN>00FA</AN>
    <DIAG-ADDR>63</DIAG-ADDR>
    <DESCRIPTION></DESCRIPTION>
  </FCFN>
  <FCFN>
    <AN>00FB</AN>
    <DIAG-ADDR>63</DIAG-ADDR>
    <DESCRIPTION></DESCRIPTION>
  </FCFN>
  <FCFN>
    <AN>00FC</AN>
    <DIAG-ADDR>63</DIAG-ADDR>
    <DESCRIPTION></DESCRIPTION>
  </FCFN>
  <FCFN>
    <AN>00FD</AN>
    <DIAG-ADDR>63</DIAG-ADDR>
    <DESCRIPTION></DESCRIPTION>
  </FCFN>
  <FCFN>
    <AN>00FE</AN>
    <DIAG-ADDR>63</DIAG-ADDR>
    <DESCRIPTION></DESCRIPTION>
  </FCFN>
  <FCFN>
    <AN>00FF</AN>
    <DIAG-ADDR>63</DIAG-ADDR>
    <DESCRIPTION></DESCRIPTION>
  </FCFN>
  <FCFN>
    <AN>0100</AN>
    <DIAG-ADDR>63</DIAG-ADDR>
    <DESCRIPTION></DESCRIPTION>
  </FCFN>
  <FCFN>
    <AN>011C</AN>
    <DIAG-ADDR>12</DIAG-ADDR>
    <DESCRIPTION></DESCRIPTION>
  </FCFN>
  <FCFN>
    <AN>0120</AN>
    <DIAG-ADDR>63</DIAG-ADDR>
    <DESCRIPTION></DESCRIPTION>
  </FCFN>
  <FCFN>
    <AN>0121</AN>
    <DIAG-ADDR>63</DIAG-ADDR>
    <DESCRIPTION></DESCRIPTION>
  </FCFN>
  <FCFN>
    <AN>0122</AN>
    <DIAG-ADDR>63</DIAG-ADDR>
    <DESCRIPTION></DESCRIPTION>
  </FCFN>
  <FCFN>
    <AN>0123</AN>
    <DIAG-ADDR>63</DIAG-ADDR>
    <DESCRIPTION></DESCRIPTION>
  </FCFN>
  <FCFN>
    <AN>0124</AN>
    <DIAG-ADDR>63</DIAG-ADDR>
    <DESCRIPTION></DESCRIPTION>
  </FCFN>
  <FCFN>
    <AN>0125</AN>
    <DIAG-ADDR>63</DIAG-ADDR>
    <DESCRIPTION></DESCRIPTION>
  </FCFN>
  <FCFN>
    <AN>0126</AN>
    <DIAG-ADDR>63</DIAG-ADDR>
    <DESCRIPTION></DESCRIPTION>
  </FCFN>
  <FCFN>
    <AN>0127</AN>
    <DIAG-ADDR>63</DIAG-ADDR>
    <DESCRIPTION></DESCRIPTION>
  </FCFN>
  <FCFN>
    <AN>0128</AN>
    <DIAG-ADDR>63</DIAG-ADDR>
    <DESCRIPTION></DESCRIPTION>
  </FCFN>
  <FCFN>
    <AN>0129</AN>
    <DIAG-ADDR>63</DIAG-ADDR>
    <DESCRIPTION></DESCRIPTION>
  </FCFN>
  <FCFN>
    <AN>012A</AN>
    <DIAG-ADDR>63</DIAG-ADDR>
    <DESCRIPTION></DESCRIPTION>
  </FCFN>
  <FCFN>
    <AN>012B</AN>
    <DIAG-ADDR>63</DIAG-ADDR>
    <DESCRIPTION></DESCRIPTION>
  </FCFN>
  <FCFN>
    <AN>012C</AN>
    <DIAG-ADDR>63</DIAG-ADDR>
    <DESCRIPTION></DESCRIPTION>
  </FCFN>
  <FCFN>
    <AN>012D</AN>
    <DIAG-ADDR>63</DIAG-ADDR>
    <DESCRIPTION></DESCRIPTION>
  </FCFN>
  <FCFN>
    <AN>012E</AN>
    <DIAG-ADDR>63</DIAG-ADDR>
    <DESCRIPTION></DESCRIPTION>
  </FCFN>
  <FCFN>
    <AN>012F</AN>
    <DIAG-ADDR>63</DIAG-ADDR>
    <DESCRIPTION></DESCRIPTION>
  </FCFN>
  <FCFN>
    <AN>0130</AN>
    <DIAG-ADDR>63</DIAG-ADDR>
    <DESCRIPTION></DESCRIPTION>
  </FCFN>
  <FCFN>
    <AN>0131</AN>
    <DIAG-ADDR>63</DIAG-ADDR>
    <DESCRIPTION></DESCRIPTION>
  </FCFN>
  <FCFN>
    <AN>0132</AN>
    <DIAG-ADDR>63</DIAG-ADDR>
    <DESCRIPTION></DESCRIPTION>
  </FCFN>
  <FCFN>
    <AN>0133</AN>
    <DIAG-ADDR>63</DIAG-ADDR>
    <DESCRIPTION></DESCRIPTION>
  </FCFN>
  <FCFN>
    <AN>0134</AN>
    <DIAG-ADDR>63</DIAG-ADDR>
    <DESCRIPTION></DESCRIPTION>
  </FCFN>
  <FCFN>
    <AN>0135</AN>
    <DIAG-ADDR>63</DIAG-ADDR>
    <DESCRIPTION></DESCRIPTION>
  </FCFN>
  <FCFN>
    <AN>0136</AN>
    <DIAG-ADDR>63</DIAG-ADDR>
    <DESCRIPTION></DESCRIPTION>
  </FCFN>
  <FCFN>
    <AN>0137</AN>
    <DIAG-ADDR>63</DIAG-ADDR>
    <DESCRIPTION></DESCRIPTION>
  </FCFN>
  <FCFN>
    <AN>0138</AN>
    <DIAG-ADDR>63</DIAG-ADDR>
    <DESCRIPTION></DESCRIPTION>
  </FCFN>
  <FCFN>
    <AN>0139</AN>
    <DIAG-ADDR>63</DIAG-ADDR>
    <DESCRIPTION></DESCRIPTION>
  </FCFN>
  <FCFN>
    <AN>013A</AN>
    <DIAG-ADDR>63</DIAG-ADDR>
    <DESCRIPTION></DESCRIPTION>
  </FCFN>
  <FCFN>
    <AN>013B</AN>
    <DIAG-ADDR>63</DIAG-ADDR>
    <DESCRIPTION></DESCRIPTION>
  </FCFN>
  <FCFN>
    <AN>013C</AN>
    <DIAG-ADDR>63</DIAG-ADDR>
    <DESCRIPTION></DESCRIPTION>
  </FCFN>
  <FCFN>
    <AN>013D</AN>
    <DIAG-ADDR>63</DIAG-ADDR>
    <DESCRIPTION></DESCRIPTION>
  </FCFN>
  <FCFN>
    <AN>0152</AN>
    <DIAG-ADDR>12</DIAG-ADDR>
    <DESCRIPTION></DESCRIPTION>
  </FCFN>
  <FCFN>
    <AN>0155</AN>
    <DIAG-ADDR>63</DIAG-ADDR>
    <DESCRIPTION></DESCRIPTION>
  </FCFN>
  <FCFN>
    <AN>0156</AN>
    <DIAG-ADDR>63</DIAG-ADDR>
    <DESCRIPTION></DESCRIPTION>
  </FCFN>
  <FCFN>
    <AN>0157</AN>
    <DIAG-ADDR>63</DIAG-ADDR>
    <DESCRIPTION></DESCRIPTION>
  </FCFN>
  <FCFN>
    <AN>0158</AN>
    <DIAG-ADDR>63</DIAG-ADDR>
    <DESCRIPTION></DESCRIPTION>
  </FCFN>
  <FCFN>
    <AN>0159</AN>
    <DIAG-ADDR>63</DIAG-ADDR>
    <DESCRIPTION></DESCRIPTION>
  </FCFN>
  <FCFN>
    <AN>015B</AN>
    <DIAG-ADDR>63</DIAG-ADDR>
    <DESCRIPTION></DESCRIPTION>
  </FCFN>
  <FCFN>
    <AN>015C</AN>
    <DIAG-ADDR>63</DIAG-ADDR>
    <DESCRIPTION></DESCRIPTION>
  </FCFN>
  <FCFN>
    <AN>015D</AN>
    <DIAG-ADDR>63</DIAG-ADDR>
    <DESCRIPTION></DESCRIPTION>
  </FCFN>
  <FCFN>
    <AN>015E</AN>
    <DIAG-ADDR>63</DIAG-ADDR>
    <DESCRIPTION></DESCRIPTION>
  </FCFN>
  <FCFN>
    <AN>015F</AN>
    <DIAG-ADDR>63</DIAG-ADDR>
    <DESCRIPTION></DESCRIPTION>
  </FCFN>
  <FCFN>
    <AN>0160</AN>
    <DIAG-ADDR>63</DIAG-ADDR>
    <DESCRIPTION></DESCRIPTION>
  </FCFN>
  <FCFN>
    <AN>0161</AN>
    <DIAG-ADDR>63</DIAG-ADDR>
    <DESCRIPTION></DESCRIPTION>
  </FCFN>
  <FCFN>
    <AN>0162</AN>
    <DIAG-ADDR>63</DIAG-ADDR>
    <DESCRIPTION></DESCRIPTION>
  </FCFN>
  <FCFN>
    <AN>0169</AN>
    <DIAG-ADDR>63</DIAG-ADDR>
    <DESCRIPTION></DESCRIPTION>
  </FCFN>
  <FCFN>
    <AN>016C</AN>
    <DIAG-ADDR>63</DIAG-ADDR>
    <DESCRIPTION></DESCRIPTION>
  </FCFN>
  <FCFN>
    <AN>0170</AN>
    <DIAG-ADDR>63</DIAG-ADDR>
    <DESCRIPTION></DESCRIPTION>
  </FCFN>
  <FCFN>
    <AN>0175</AN>
    <DIAG-ADDR>26</DIAG-ADDR>
    <DESCRIPTION></DESCRIPTION>
  </FCFN>
  <FCFN>
    <AN>0176</AN>
    <DIAG-ADDR>63</DIAG-ADDR>
    <DESCRIPTION></DESCRIPTION>
  </FCFN>
  <FCFN>
    <AN>0177</AN>
    <DIAG-ADDR>63</DIAG-ADDR>
    <DESCRIPTION></DESCRIPTION>
  </FCFN>
  <FCFN>
    <AN>0178</AN>
    <DIAG-ADDR>61</DIAG-ADDR>
    <DESCRIPTION></DESCRIPTION>
  </FCFN>
  <FCFN>
    <AN>0179</AN>
    <DIAG-ADDR>37</DIAG-ADDR>
    <DESCRIPTION></DESCRIPTION>
  </FCFN>
  <FCFN>
    <AN>017F</AN>
    <DIAG-ADDR>63</DIAG-ADDR>
    <DESCRIPTION></DESCRIPTION>
  </FCFN>
  <FCFN>
    <AN>0181</AN>
    <DIAG-ADDR>63</DIAG-ADDR>
    <DESCRIPTION></DESCRIPTION>
  </FCFN>
  <FCFN>
    <AN>0183</AN>
    <DIAG-ADDR>60</DIAG-ADDR>
    <DESCRIPTION></DESCRIPTION>
  </FCFN>
  <FCFN>
    <AN>0193</AN>
    <DIAG-ADDR>63</DIAG-ADDR>
    <DESCRIPTION></DESCRIPTION>
  </FCFN>
  <FCFN>
    <AN>0194</AN>
    <DIAG-ADDR>63</DIAG-ADDR>
    <DESCRIPTION></DESCRIPTION>
  </FCFN>
  <FCFN>
    <AN>0195</AN>
    <DIAG-ADDR>63</DIAG-ADDR>
    <DESCRIPTION></DESCRIPTION>
  </FCFN>
  <FCFN>
    <AN>0197</AN>
    <DIAG-ADDR>63</DIAG-ADDR>
    <DESCRIPTION></DESCRIPTION>
  </FCFN>
  <FCFN>
    <AN>0198</AN>
    <DIAG-ADDR>63</DIAG-ADDR>
    <DESCRIPTION></DESCRIPTION>
  </FCFN>
  <FCFN>
    <AN>019B</AN>
    <DIAG-ADDR>63</DIAG-ADDR>
    <DESCRIPTION></DESCRIPTION>
  </FCFN>
  <FCFN>
    <AN>019C</AN>
    <DIAG-ADDR>63</DIAG-ADDR>
    <DESCRIPTION></DESCRIPTION>
  </FCFN>
  <FCFN>
    <AN>019D</AN>
    <DIAG-ADDR>63</DIAG-ADDR>
    <DESCRIPTION></DESCRIPTION>
  </FCFN>
  <FCFN>
    <AN>019E</AN>
    <DIAG-ADDR>63</DIAG-ADDR>
    <DESCRIPTION></DESCRIPTION>
  </FCFN>
  <FCFN>
    <AN>019F</AN>
    <DIAG-ADDR>63</DIAG-ADDR>
    <DESCRIPTION></DESCRIPTION>
  </FCFN>
  <FCFN>
    <AN>01A0</AN>
    <DIAG-ADDR>63</DIAG-ADDR>
    <DESCRIPTION></DESCRIPTION>
  </FCFN>
  <FCFN>
    <AN>01A1</AN>
    <DIAG-ADDR>63</DIAG-ADDR>
    <DESCRIPTION></DESCRIPTION>
  </FCFN>
  <FCFN>
    <AN>01AA</AN>
    <DIAG-ADDR>63</DIAG-ADDR>
    <DESCRIPTION></DESCRIPTION>
  </FCFN>
  <FCFN>
    <AN>01BA</AN>
    <DIAG-ADDR>39</DIAG-ADDR>
    <DESCRIPTION></DESCRIPTION>
  </FCFN>
  <FCFN>
    <AN>01BB</AN>
    <DIAG-ADDR>39</DIAG-ADDR>
    <DESCRIPTION></DESCRIPTION>
  </FCFN>
  <FCFN>
    <AN>01BC</AN>
    <DIAG-ADDR>39</DIAG-ADDR>
    <DESCRIPTION></DESCRIPTION>
  </FCFN>
  <FCFN>
    <AN>01BD</AN>
    <DIAG-ADDR>29</DIAG-ADDR>
    <DESCRIPTION></DESCRIPTION>
  </FCFN>
  <FCFN>
    <AN>01C0</AN>
    <DIAG-ADDR>39</DIAG-ADDR>
    <DESCRIPTION></DESCRIPTION>
  </FCFN>
  <FCFN>
    <AN>01D5</AN>
    <DIAG-ADDR>63</DIAG-ADDR>
    <DESCRIPTION></DESCRIPTION>
  </FCFN>
  <FCFN>
    <AN>01D6</AN>
    <DIAG-ADDR>63</DIAG-ADDR>
    <DESCRIPTION></DESCRIPTION>
  </FCFN>
  <FCFN>
    <AN>01D7</AN>
    <DIAG-ADDR>63</DIAG-ADDR>
    <DESCRIPTION></DESCRIPTION>
  </FCFN>
  <FCFN>
    <AN>01D8</AN>
    <DIAG-ADDR>63</DIAG-ADDR>
    <DESCRIPTION></DESCRIPTION>
  </FCFN>
  <FCFN>
    <AN>01D9</AN>
    <DIAG-ADDR>63</DIAG-ADDR>
    <DESCRIPTION></DESCRIPTION>
  </FCFN>
  <FCFN>
    <AN>01DB</AN>
    <DIAG-ADDR>63</DIAG-ADDR>
    <DESCRIPTION></DESCRIPTION>
  </FCFN>
  <FCFN>
    <AN>01DC</AN>
    <DIAG-ADDR>63</DIAG-ADDR>
    <DESCRIPTION></DESCRIPTION>
  </FCFN>
  <FCFN>
    <AN>01E0</AN>
    <DIAG-ADDR>63</DIAG-ADDR>
    <DESCRIPTION></DESCRIPTION>
  </FCFN>
  <FCFN>
    <AN>01E1</AN>
    <DIAG-ADDR>63</DIAG-ADDR>
    <DESCRIPTION></DESCRIPTION>
  </FCFN>
</FCFNLISTE>