<?xml version="1.0" encoding="UTF-8"?>
<mapping xmlns:xsi="http://www.w3.org/2001/XMLSchema-instance" xsi:noNamespaceSchemaLocation="cafd.xsd">
  <!--ZBNr: 4047886, I-Stufe: F001-08-09-350-->
  <row>
    <zbnr>4047886</zbnr>
    <diagad>21</diagad>
    <cafd-sgbmid>
      <processClass>CAFD</processClass>
      <id>000001EE</id>
    </cafd-sgbmid>
  </row>
  <!--ZBNr: 4055912, I-Stufe: F001-08-09-400-->
  <row>
    <zbnr>4055912</zbnr>
    <diagad>21</diagad>
    <cafd-sgbmid>
      <processClass>CAFD</processClass>
      <id>000001EE</id>
    </cafd-sgbmid>
  </row>
  <!--ZBNr: 4055913, I-Stufe: F001-08-09-415-->
  <row>
    <zbnr>4055913</zbnr>
    <diagad>21</diagad>
    <cafd-sgbmid>
      <processClass>CAFD</processClass>
      <id>000001EE</id>
    </cafd-sgbmid>
  </row>
  <!--ZBNr: 6775359, I-Stufe: F001-09-03-400-->
  <row>
    <zbnr>6775359</zbnr>
    <diagad>21</diagad>
    <cafd-sgbmid>
      <processClass>CAFD</processClass>
      <id>000001EE</id>
    </cafd-sgbmid>
  </row>
  <!--ZBNr: 6790171, I-Stufe: F001-10-06-410-->
  <row>
    <zbnr>6790171</zbnr>
    <diagad>21</diagad>
    <cafd-sgbmid>
      <processClass>CAFD</processClass>
      <id>000001EE</id>
    </cafd-sgbmid>
  </row>
</mapping>
