<?xml version="1.0" encoding="UTF-8"?>
<mapping xmlns:xsi="http://www.w3.org/2001/XMLSchema-instance" xsi:noNamespaceSchemaLocation="zb.xsd">
  <!--ZBNr: 4047886, I-Stufe: F001-08-09-350-->
  <row>
    <zbnr>4047886</zbnr>
    <progref>
      <ZZZPPPx>00823Z0</ZZZPPPx>
      <projektvariante>F</projektvariante>
      <programmstand_ae-index>310</programmstand_ae-index>
      <prg-ersteller>B</prg-ersteller>
    </progref>
    <datenref>
      <ZZZPPPx>00823Z0</ZZZPPPx>
      <projektvariante>F</projektvariante>
      <programmstand_ae-index>310</programmstand_ae-index>
      <prg-ersteller>B</prg-ersteller>
      <daten-ersteller>B</daten-ersteller>
      <datensatzbez>HM01</datensatzbez>
    </datenref>
    <swfl-sgbmid-paf>
      <processClass>SWFL</processClass>
      <id>000001AF</id>
      <mainVersion>1</mainVersion>
      <subVersion>31</subVersion>
      <patchVersion>1</patchVersion>
    </swfl-sgbmid-paf>
    <swfl-sgbmid-daf>
      <processClass>SWFL</processClass>
      <id>000001B0</id>
      <mainVersion>1</mainVersion>
      <subVersion>31</subVersion>
      <patchVersion>1</patchVersion>
    </swfl-sgbmid-daf>
  </row>
  <!--ZBNr: 4055912, I-Stufe: F001-08-09-400-->
  <row>
    <zbnr>4055912</zbnr>
    <progref>
      <ZZZPPPx>00823Z0</ZZZPPPx>
      <projektvariante>F</projektvariante>
      <programmstand_ae-index>400</programmstand_ae-index>
      <prg-ersteller>B</prg-ersteller>
    </progref>
    <datenref>
      <ZZZPPPx>00823Z0</ZZZPPPx>
      <projektvariante>F</projektvariante>
      <programmstand_ae-index>400</programmstand_ae-index>
      <prg-ersteller>B</prg-ersteller>
      <daten-ersteller>B</daten-ersteller>
      <datensatzbez>HM01</datensatzbez>
    </datenref>
    <swfl-sgbmid-paf>
      <processClass>SWFL</processClass>
      <id>000001AF</id>
      <mainVersion>1</mainVersion>
      <subVersion>40</subVersion>
      <patchVersion>1</patchVersion>
    </swfl-sgbmid-paf>
    <swfl-sgbmid-daf>
      <processClass>SWFL</processClass>
      <id>000001B0</id>
      <mainVersion>1</mainVersion>
      <subVersion>40</subVersion>
      <patchVersion>1</patchVersion>
    </swfl-sgbmid-daf>
  </row>
  <!--ZBNr: 4055913, I-Stufe: F001-08-09-415-->
  <row>
    <zbnr>4055913</zbnr>
    <progref>
      <ZZZPPPx>00823Z0</ZZZPPPx>
      <projektvariante>F</projektvariante>
      <programmstand_ae-index>410</programmstand_ae-index>
      <prg-ersteller>B</prg-ersteller>
    </progref>
    <datenref>
      <ZZZPPPx>00823Z0</ZZZPPPx>
      <projektvariante>F</projektvariante>
      <programmstand_ae-index>410</programmstand_ae-index>
      <prg-ersteller>B</prg-ersteller>
      <daten-ersteller>B</daten-ersteller>
      <datensatzbez>HM01</datensatzbez>
    </datenref>
    <swfl-sgbmid-paf>
      <processClass>SWFL</processClass>
      <id>000001AF</id>
      <mainVersion>1</mainVersion>
      <subVersion>41</subVersion>
      <patchVersion>1</patchVersion>
    </swfl-sgbmid-paf>
    <swfl-sgbmid-daf>
      <processClass>SWFL</processClass>
      <id>000001B0</id>
      <mainVersion>1</mainVersion>
      <subVersion>41</subVersion>
      <patchVersion>1</patchVersion>
    </swfl-sgbmid-daf>
  </row>
  <!--ZBNr: 6775359, I-Stufe: F001-09-03-400-->
  <row>
    <zbnr>6775359</zbnr>
    <progref>
      <ZZZPPPx>00823Z0</ZZZPPPx>
      <projektvariante>F</projektvariante>
      <programmstand_ae-index>451</programmstand_ae-index>
      <prg-ersteller>B</prg-ersteller>
    </progref>
    <datenref>
      <ZZZPPPx>00823Z0</ZZZPPPx>
      <projektvariante>F</projektvariante>
      <programmstand_ae-index>451</programmstand_ae-index>
      <prg-ersteller>B</prg-ersteller>
      <daten-ersteller>B</daten-ersteller>
      <datensatzbez>HM11</datensatzbez>
    </datenref>
    <swfl-sgbmid-paf>
      <processClass>SWFL</processClass>
      <id>000001AF</id>
      <mainVersion>1</mainVersion>
      <subVersion>45</subVersion>
      <patchVersion>2</patchVersion>
    </swfl-sgbmid-paf>
    <swfl-sgbmid-daf>
      <processClass>SWFL</processClass>
      <id>000001B0</id>
      <mainVersion>1</mainVersion>
      <subVersion>45</subVersion>
      <patchVersion>2</patchVersion>
    </swfl-sgbmid-daf>
  </row>
  <!--ZBNr: 6790171, I-Stufe: F001-10-06-410-->
  <row>
    <zbnr>6790171</zbnr>
    <progref>
      <ZZZPPPx>00823Z0</ZZZPPPx>
      <projektvariante>F</projektvariante>
      <programmstand_ae-index>460</programmstand_ae-index>
      <prg-ersteller>B</prg-ersteller>
    </progref>
    <datenref>
      <ZZZPPPx>00823Z0</ZZZPPPx>
      <projektvariante>F</projektvariante>
      <programmstand_ae-index>460</programmstand_ae-index>
      <prg-ersteller>B</prg-ersteller>
      <daten-ersteller>B</daten-ersteller>
      <datensatzbez>HM01</datensatzbez>
    </datenref>
    <swfl-sgbmid-paf>
      <processClass>SWFL</processClass>
      <id>000001AF</id>
      <mainVersion>1</mainVersion>
      <subVersion>55</subVersion>
      <patchVersion>1</patchVersion>
    </swfl-sgbmid-paf>
    <swfl-sgbmid-daf>
      <processClass>SWFL</processClass>
      <id>000001B0</id>
      <mainVersion>1</mainVersion>
      <subVersion>55</subVersion>
      <patchVersion>1</patchVersion>
    </swfl-sgbmid-daf>
  </row>
</mapping>
