<?xml version="1.0" encoding="UTF-8"?>
<mapping xmlns:xsi="http://www.w3.org/2001/XMLSchema-instance" xsi:noNamespaceSchemaLocation="zb.xsd">
  <!--ZBNr: 9177116, I-Stufe: F001-08-09-350-->
  <row>
    <zbnr>9177116</zbnr>
    <progref>
      <ZZZPPPx>01717Q0</ZZZPPPx>
      <projektvariante>F</projektvariante>
      <programmstand_ae-index>1B0</programmstand_ae-index>
      <prg-ersteller>A</prg-ersteller>
    </progref>
    <swfl-sgbmid-paf>
      <processClass>SWFL</processClass>
      <id>00000210</id>
      <mainVersion>2</mainVersion>
      <subVersion>27</subVersion>
      <patchVersion>1</patchVersion>
    </swfl-sgbmid-paf>
  </row>
  <!--ZBNr: 9177120, I-Stufe: F001-08-09-515-->
  <row>
    <zbnr>9177120</zbnr>
    <progref>
      <ZZZPPPx>01717Q0</ZZZPPPx>
      <projektvariante>F</projektvariante>
      <programmstand_ae-index>1E0</programmstand_ae-index>
      <prg-ersteller>A</prg-ersteller>
    </progref>
    <swfl-sgbmid-paf>
      <processClass>SWFL</processClass>
      <id>00000210</id>
      <mainVersion>7</mainVersion>
      <subVersion>2</subVersion>
      <patchVersion>30</patchVersion>
    </swfl-sgbmid-paf>
  </row>
  <!--ZBNr: 9166980, I-Stufe: F001-08-09-350-->
  <row>
    <zbnr>9166980</zbnr>
    <progref>
      <ZZZPPPx>01724U0</ZZZPPPx>
      <projektvariante>F</projektvariante>
      <programmstand_ae-index>500</programmstand_ae-index>
      <prg-ersteller>A</prg-ersteller>
    </progref>
    <swfl-sgbmid-paf>
      <processClass>SWFL</processClass>
      <id>0000020E</id>
      <mainVersion>1</mainVersion>
      <subVersion>80</subVersion>
      <patchVersion>1</patchVersion>
    </swfl-sgbmid-paf>
  </row>
  <!--ZBNr: 9177119, I-Stufe: F001-08-09-400-->
  <row>
    <zbnr>9177119</zbnr>
    <progref>
      <ZZZPPPx>01724U0</ZZZPPPx>
      <projektvariante>F</projektvariante>
      <programmstand_ae-index>570</programmstand_ae-index>
      <prg-ersteller>A</prg-ersteller>
    </progref>
    <swfl-sgbmid-paf>
      <processClass>SWFL</processClass>
      <id>0000020E</id>
      <mainVersion>7</mainVersion>
      <subVersion>1</subVersion>
      <patchVersion>87</patchVersion>
    </swfl-sgbmid-paf>
  </row>
  <!--ZBNr: 9181325, I-Stufe: F001-08-09-416-->
  <row>
    <zbnr>9181325</zbnr>
    <progref>
      <ZZZPPPx>01724U0</ZZZPPPx>
      <projektvariante>F</projektvariante>
      <programmstand_ae-index>5A0</programmstand_ae-index>
      <prg-ersteller>A</prg-ersteller>
    </progref>
    <swfl-sgbmid-paf>
      <processClass>SWFL</processClass>
      <id>0000020E</id>
      <mainVersion>7</mainVersion>
      <subVersion>1</subVersion>
      <patchVersion>90</patchVersion>
    </swfl-sgbmid-paf>
  </row>
  <!--ZBNr: 9184836, I-Stufe: F001-08-09-450-->
  <row>
    <zbnr>9184836</zbnr>
    <progref>
      <ZZZPPPx>01724U0</ZZZPPPx>
      <projektvariante>F</projektvariante>
      <programmstand_ae-index>5E0</programmstand_ae-index>
      <prg-ersteller>A</prg-ersteller>
    </progref>
    <swfl-sgbmid-paf>
      <processClass>SWFL</processClass>
      <id>0000020E</id>
      <mainVersion>7</mainVersion>
      <subVersion>1</subVersion>
      <patchVersion>94</patchVersion>
    </swfl-sgbmid-paf>
  </row>
  <!--ZBNr: 9195984, I-Stufe: F001-08-09-500-->
  <row>
    <zbnr>9195984</zbnr>
    <progref>
      <ZZZPPPx>01724U0</ZZZPPPx>
      <projektvariante>F</projektvariante>
      <programmstand_ae-index>610</programmstand_ae-index>
      <prg-ersteller>A</prg-ersteller>
    </progref>
    <swfl-sgbmid-paf>
      <processClass>SWFL</processClass>
      <id>0000020E</id>
      <mainVersion>7</mainVersion>
      <subVersion>1</subVersion>
      <patchVersion>97</patchVersion>
    </swfl-sgbmid-paf>
  </row>
  <!--ZBNr: 9196670, I-Stufe: F001-08-09-528-->
  <row>
    <zbnr>9196670</zbnr>
    <progref>
      <ZZZPPPx>01724U0</ZZZPPPx>
      <projektvariante>F</projektvariante>
      <programmstand_ae-index>640</programmstand_ae-index>
      <prg-ersteller>A</prg-ersteller>
    </progref>
    <swfl-sgbmid-paf>
      <processClass>SWFL</processClass>
      <id>0000020E</id>
      <mainVersion>7</mainVersion>
      <subVersion>1</subVersion>
      <patchVersion>100</patchVersion>
    </swfl-sgbmid-paf>
  </row>
  <!--ZBNr: 9205266, I-Stufe: F001-09-03-460-->
  <row>
    <zbnr>9205266</zbnr>
    <progref>
      <ZZZPPPx>01724U0</ZZZPPPx>
      <projektvariante>F</projektvariante>
      <programmstand_ae-index>650</programmstand_ae-index>
      <prg-ersteller>A</prg-ersteller>
    </progref>
    <swfl-sgbmid-paf>
      <processClass>SWFL</processClass>
      <id>0000020E</id>
      <mainVersion>7</mainVersion>
      <subVersion>1</subVersion>
      <patchVersion>101</patchVersion>
    </swfl-sgbmid-paf>
  </row>
  <!--ZBNr: 9205270, I-Stufe: F001-09-06-500-->
  <row>
    <zbnr>9205270</zbnr>
    <progref>
      <ZZZPPPx>01724U0</ZZZPPPx>
      <projektvariante>F</projektvariante>
      <programmstand_ae-index>670</programmstand_ae-index>
      <prg-ersteller>A</prg-ersteller>
    </progref>
    <swfl-sgbmid-paf>
      <processClass>SWFL</processClass>
      <id>0000020E</id>
      <mainVersion>7</mainVersion>
      <subVersion>1</subVersion>
      <patchVersion>103</patchVersion>
    </swfl-sgbmid-paf>
  </row>
</mapping>
