<?xml version="1.0" encoding="UTF-8"?>
<mapping xmlns:xsi="http://www.w3.org/2001/XMLSchema-instance" xsi:noNamespaceSchemaLocation="hwel.xsd">
  <!--ZBNr: 9177120, I-Stufe: F001-08-09-515-->
  <row>
    <hwnr>9129437</hwnr>
    <zzzppp>01717Q</zzzppp>
    <hwel-sgbmid>
      <processClass>HWEL</processClass>
      <id>0000020F</id>
      <mainVersion>1</mainVersion>
      <subVersion>1</subVersion>
      <patchVersion>1</patchVersion>
    </hwel-sgbmid>
  </row>
  <!--ZBNr: 9196670, I-Stufe: F001-08-09-528-->
  <row>
    <hwnr>9166980</hwnr>
    <zzzppp>01724U</zzzppp>
    <hwel-sgbmid>
      <processClass>HWEL</processClass>
      <id>0000020D</id>
      <mainVersion>2</mainVersion>
      <subVersion>1</subVersion>
      <patchVersion>1</patchVersion>
    </hwel-sgbmid>
  </row>
</mapping>
