<?xml version="1.0" encoding="UTF-8"?>
<mapping xmlns:xsi="http://www.w3.org/2001/XMLSchema-instance" xsi:noNamespaceSchemaLocation="btld.xsd">
  <!--ZBNr: 9177120, I-Stufe: F001-08-09-515-->
  <row>
    <zzzpppx>01717Q0</zzzpppx>
    <btld-sgbmid>
      <processClass>BTLD</processClass>
      <id>000001E4</id>
      <mainVersion>1</mainVersion>
      <subVersion>1</subVersion>
      <patchVersion>1</patchVersion>
    </btld-sgbmid>
  </row>
  <!--ZBNr: 9196670, I-Stufe: F001-08-09-528-->
  <row>
    <zzzpppx>01724U0</zzzpppx>
    <btld-sgbmid>
      <processClass>BTLD</processClass>
      <id>000001E3</id>
      <mainVersion>1</mainVersion>
      <subVersion>1</subVersion>
      <patchVersion>1</patchVersion>
    </btld-sgbmid>
  </row>
</mapping>
