<?xml version="1.0" encoding="UTF-8"?>
<mapping xmlns:xsi="http://www.w3.org/2001/XMLSchema-instance" xsi:noNamespaceSchemaLocation="cafd.xsd">
  <!--ZBNr: 9166980, I-Stufe: F001-08-09-350-->
  <row>
    <zbnr>9166980</zbnr>
    <diagad>31</diagad>
    <cafd-sgbmid>
      <processClass>CAFD</processClass>
      <id>00000251</id>
    </cafd-sgbmid>
  </row>
  <!--ZBNr: 9177119, I-Stufe: F001-08-09-400-->
  <row>
    <zbnr>9177119</zbnr>
    <diagad>31</diagad>
    <cafd-sgbmid>
      <processClass>CAFD</processClass>
      <id>00000251</id>
    </cafd-sgbmid>
  </row>
  <!--ZBNr: 9181325, I-Stufe: F001-08-09-416-->
  <row>
    <zbnr>9181325</zbnr>
    <diagad>31</diagad>
    <cafd-sgbmid>
      <processClass>CAFD</processClass>
      <id>00000251</id>
    </cafd-sgbmid>
  </row>
  <!--ZBNr: 9184836, I-Stufe: F001-08-09-450-->
  <row>
    <zbnr>9184836</zbnr>
    <diagad>31</diagad>
    <cafd-sgbmid>
      <processClass>CAFD</processClass>
      <id>00000251</id>
    </cafd-sgbmid>
  </row>
  <!--ZBNr: 9195984, I-Stufe: F001-08-09-500-->
  <row>
    <zbnr>9195984</zbnr>
    <diagad>31</diagad>
    <cafd-sgbmid>
      <processClass>CAFD</processClass>
      <id>00000251</id>
    </cafd-sgbmid>
  </row>
  <!--ZBNr: 9196670, I-Stufe: F001-08-09-528-->
  <row>
    <zbnr>9196670</zbnr>
    <diagad>31</diagad>
    <cafd-sgbmid>
      <processClass>CAFD</processClass>
      <id>00000251</id>
    </cafd-sgbmid>
  </row>
  <!--ZBNr: 9205266, I-Stufe: F001-09-03-460-->
  <row>
    <zbnr>9205266</zbnr>
    <diagad>31</diagad>
    <cafd-sgbmid>
      <processClass>CAFD</processClass>
      <id>00000251</id>
    </cafd-sgbmid>
  </row>
  <!--ZBNr: 9205270, I-Stufe: F001-09-06-500-->
  <row>
    <zbnr>9205270</zbnr>
    <diagad>31</diagad>
    <cafd-sgbmid>
      <processClass>CAFD</processClass>
      <id>00000251</id>
    </cafd-sgbmid>
  </row>
</mapping>
