<?xml version="1.0" encoding="UTF-8"?>
<mapping xmlns:xsi="http://www.w3.org/2001/XMLSchema-instance" xsi:noNamespaceSchemaLocation="btld.xsd">
  <!--ZBNr: 9162992, I-Stufe: F001-08-09-350-->
  <row>
    <zzzpppx>05727D0</zzzpppx>
    <btld-sgbmid>
      <processClass>BTLD</processClass>
      <id>000001E5</id>
      <mainVersion>3</mainVersion>
      <subVersion>1</subVersion>
      <patchVersion>2</patchVersion>
    </btld-sgbmid>
  </row>
  <!--ZBNr: 9278266, I-Stufe: F001-15-11-500-->
  <row>
    <zzzpppx>05727D1</zzzpppx>
    <btld-sgbmid>
      <processClass>BTLD</processClass>
      <id>000001E5</id>
      <mainVersion>3</mainVersion>
      <subVersion>1</subVersion>
      <patchVersion>3</patchVersion>
    </btld-sgbmid>
  </row>
</mapping>
