<?xml version="1.0" encoding="UTF-8"?>
<mapping xmlns:xsi="http://www.w3.org/2001/XMLSchema-instance" xsi:noNamespaceSchemaLocation="zb.xsd">
  <!--ZBNr: 9162992, I-Stufe: F001-08-09-350-->
  <row>
    <zbnr>9162992</zbnr>
    <progref>
      <ZZZPPPx>05727D0</ZZZPPPx>
      <projektvariante>F</projektvariante>
      <programmstand_ae-index>190</programmstand_ae-index>
      <prg-ersteller>A</prg-ersteller>
    </progref>
    <swfl-sgbmid-paf>
      <processClass>SWFL</processClass>
      <id>00000208</id>
      <mainVersion>3</mainVersion>
      <subVersion>24</subVersion>
      <patchVersion>2</patchVersion>
    </swfl-sgbmid-paf>
  </row>
  <!--ZBNr: 9179575, I-Stufe: F001-08-09-410-->
  <row>
    <zbnr>9179575</zbnr>
    <progref>
      <ZZZPPPx>05727D0</ZZZPPPx>
      <projektvariante>F</projektvariante>
      <programmstand_ae-index>200</programmstand_ae-index>
      <prg-ersteller>A</prg-ersteller>
    </progref>
    <swfl-sgbmid-paf>
      <processClass>SWFL</processClass>
      <id>00000208</id>
      <mainVersion>3</mainVersion>
      <subVersion>24</subVersion>
      <patchVersion>10</patchVersion>
    </swfl-sgbmid-paf>
  </row>
  <!--ZBNr: 9192273, I-Stufe: F001-08-09-521-->
  <row>
    <zbnr>9192273</zbnr>
    <progref>
      <ZZZPPPx>05727D0</ZZZPPPx>
      <projektvariante>F</projektvariante>
      <programmstand_ae-index>240</programmstand_ae-index>
      <prg-ersteller>A</prg-ersteller>
    </progref>
    <swfl-sgbmid-paf>
      <processClass>SWFL</processClass>
      <id>00000208</id>
      <mainVersion>3</mainVersion>
      <subVersion>24</subVersion>
      <patchVersion>21</patchVersion>
    </swfl-sgbmid-paf>
  </row>
  <!--ZBNr: 9192274, I-Stufe: F001-10-06-501-->
  <row>
    <zbnr>9192274</zbnr>
    <progref>
      <ZZZPPPx>05727D0</ZZZPPPx>
      <projektvariante>F</projektvariante>
      <programmstand_ae-index>250</programmstand_ae-index>
      <prg-ersteller>A</prg-ersteller>
    </progref>
    <swfl-sgbmid-paf>
      <processClass>SWFL</processClass>
      <id>00000208</id>
      <mainVersion>3</mainVersion>
      <subVersion>24</subVersion>
      <patchVersion>22</patchVersion>
    </swfl-sgbmid-paf>
  </row>
  <!--ZBNr: 9278266, I-Stufe: F001-15-11-500-->
  <row>
    <zbnr>9278266</zbnr>
    <progref>
      <ZZZPPPx>05727D1</ZZZPPPx>
      <projektvariante>F</projektvariante>
      <programmstand_ae-index>261</programmstand_ae-index>
      <prg-ersteller>A</prg-ersteller>
    </progref>
    <swfl-sgbmid-paf>
      <processClass>SWFL</processClass>
      <id>00000208</id>
      <mainVersion>3</mainVersion>
      <subVersion>24</subVersion>
      <patchVersion>23</patchVersion>
    </swfl-sgbmid-paf>
  </row>
</mapping>
