<?xml version="1.0" encoding="UTF-8" standalone="yes"?>
<swisRef xmlns="http://bmw.com/2005/psdz.data.swisref" xmlns:xsi="http://www.w3.org/2001/XMLSchema-instance" xsi:noNamespaceSchemaLocation="src/main/resources/com/bmw/swll6/business/zm/stammdaten/swisref/swisref.xsd">
    <sgbmNr>0000019F</sgbmNr>
    <sgbmNr>00006A29</sgbmNr>
    <sgbmNr>00006A2C</sgbmNr>
    <sgbmNr>00006C03</sgbmNr>
    <sgbmNr>00006C04</sgbmNr>
    <sgbmNr>00006C05</sgbmNr>
    <sgbmNr>00006C06</sgbmNr>
    <sgbmNr>0000723D</sgbmNr>
    <sgbmNr>00007240</sgbmNr>
    <sgbmNr>00007556</sgbmNr>
    <sgbmNr>00007557</sgbmNr>
    <sgbmNr>000078F5</sgbmNr>
    <sgbmNr>000078F6</sgbmNr>
    <sgbmNr>00007A18</sgbmNr>
    <sgbmNr>00007A19</sgbmNr>
    <sgbmNr>00007A29</sgbmNr>
    <sgbmNr>00007A2A</sgbmNr>
    <sgbmNr>000081AD</sgbmNr>
    <sgbmNr>000081AE</sgbmNr>
    <sgbmNr>00008321</sgbmNr>
    <sgbmNr>00008322</sgbmNr>
    <sgbmNr>000089B7</sgbmNr>
    <sgbmNr>000089B8</sgbmNr>
    <sgbmNr>000089B9</sgbmNr>
    <sgbmNr>000089BA</sgbmNr>
    <sgbmNr>000089C1</sgbmNr>
    <sgbmNr>000089C2</sgbmNr>
    <sgbmNr>000089C3</sgbmNr>
    <sgbmNr>000089C4</sgbmNr>
    <sgbmNr>00008B3A</sgbmNr>
    <sgbmNr>00008B3B</sgbmNr>
    <sgbmNr>00008F72</sgbmNr>
    <sgbmNr>00008F73</sgbmNr>
    <sgbmNr>00008F74</sgbmNr>
    <sgbmNr>00008F75</sgbmNr>
    <sgbmNr>000091F0</sgbmNr>
    <sgbmNr>000091F1</sgbmNr>
    <sgbmNr>000095FE</sgbmNr>
    <sgbmNr>000095FF</sgbmNr>
    <sgbmNr>000096C3</sgbmNr>
    <sgbmNr>000097D4</sgbmNr>
    <sgbmNr>000097D5</sgbmNr>
    <sgbmNr>000097D9</sgbmNr>
    <sgbmNr>000097DA</sgbmNr>
    <sgbmNr>0000994B</sgbmNr>
    <sgbmNr>0000994C</sgbmNr>
    <sgbmNr>0000994D</sgbmNr>
    <sgbmNr>00009B3B</sgbmNr>
    <sgbmNr>00009B3C</sgbmNr>
    <sgbmNr>00009B41</sgbmNr>
    <sgbmNr>00009B42</sgbmNr>
    <sgbmNr>00009F10</sgbmNr>
    <sgbmNr>00009F11</sgbmNr>
    <sgbmNr>0000A061</sgbmNr>
    <sgbmNr>0000A062</sgbmNr>
    <sgbmNr>0000A232</sgbmNr>
    <sgbmNr>0000A233</sgbmNr>
    <sgbmNr>0000A240</sgbmNr>
    <sgbmNr>0000A241</sgbmNr>
    <sgbmNr>0000A2CB</sgbmNr>
    <sgbmNr>0000ABC2</sgbmNr>
    <sgbmNr>0000ABC3</sgbmNr>
    <sgbmNr>0000ABC4</sgbmNr>
    <sgbmNr>0000ABC5</sgbmNr>
    <sgbmNr>0000ABC6</sgbmNr>
    <sgbmNr>0000AEFA</sgbmNr>
    <sgbmNr>0000AEFB</sgbmNr>
    <sgbmNr>0000AFB7</sgbmNr>
    <sgbmNr>0000AFB8</sgbmNr>
    <sgbmNr>0000AFDD</sgbmNr>
    <sgbmNr>0000B016</sgbmNr>
    <sgbmNr>0000B108</sgbmNr>
    <sgbmNr>0000B109</sgbmNr>
    <sgbmNr>0000B7C1</sgbmNr>
    <sgbmNr>0000B7D4</sgbmNr>
    <sgbmNr>0000B7D5</sgbmNr>
    <sgbmNr>0000B87D</sgbmNr>
    <sgbmNr>0000B87E</sgbmNr>
</swisRef>
