<?xml version="1.0" encoding="UTF-8"?>
<mapping xmlns:xsi="http://www.w3.org/2001/XMLSchema-instance" xsi:noNamespaceSchemaLocation="zb.xsd">
  <!--ZBNr: 9171321, I-Stufe: F010-10-01-220-->
  <row>
    <zbnr>9171321</zbnr>
    <progref>
      <ZZZPPPx>02018A0</ZZZPPPx>
      <projektvariante>F</projektvariante>
      <programmstand_ae-index>B40</programmstand_ae-index>
      <prg-ersteller>A</prg-ersteller>
    </progref>
    <swfl-sgbmid-paf>
      <processClass>SWFL</processClass>
      <id>000001F8</id>
      <mainVersion>5</mainVersion>
      <subVersion>0</subVersion>
      <patchVersion>5</patchVersion>
    </swfl-sgbmid-paf>
  </row>
  <!--ZBNr: 9180152, I-Stufe: F001-08-09-400-->
  <row>
    <zbnr>9180152</zbnr>
    <progref>
      <ZZZPPPx>02018A0</ZZZPPPx>
      <projektvariante>F</projektvariante>
      <programmstand_ae-index>BI0</programmstand_ae-index>
      <prg-ersteller>A</prg-ersteller>
    </progref>
    <swfl-sgbmid-paf>
      <processClass>SWFL</processClass>
      <id>000001F8</id>
      <mainVersion>5</mainVersion>
      <subVersion>1</subVersion>
      <patchVersion>4</patchVersion>
    </swfl-sgbmid-paf>
  </row>
  <!--ZBNr: 9184085, I-Stufe: F001-08-09-410-->
  <row>
    <zbnr>9184085</zbnr>
    <progref>
      <ZZZPPPx>02018A0</ZZZPPPx>
      <projektvariante>F</projektvariante>
      <programmstand_ae-index>BN0</programmstand_ae-index>
      <prg-ersteller>A</prg-ersteller>
    </progref>
    <swfl-sgbmid-paf>
      <processClass>SWFL</processClass>
      <id>000001F8</id>
      <mainVersion>5</mainVersion>
      <subVersion>2</subVersion>
      <patchVersion>3</patchVersion>
    </swfl-sgbmid-paf>
  </row>
  <!--ZBNr: 9188382, I-Stufe: F001-08-09-450-->
  <row>
    <zbnr>9188382</zbnr>
    <progref>
      <ZZZPPPx>02018A0</ZZZPPPx>
      <projektvariante>F</projektvariante>
      <programmstand_ae-index>BY0</programmstand_ae-index>
      <prg-ersteller>A</prg-ersteller>
    </progref>
    <swfl-sgbmid-paf>
      <processClass>SWFL</processClass>
      <id>000001F8</id>
      <mainVersion>5</mainVersion>
      <subVersion>4</subVersion>
      <patchVersion>4</patchVersion>
    </swfl-sgbmid-paf>
  </row>
  <!--ZBNr: 9188585, I-Stufe: F001-08-09-415-->
  <row>
    <zbnr>9188585</zbnr>
    <progref>
      <ZZZPPPx>02018A0</ZZZPPPx>
      <projektvariante>F</projektvariante>
      <programmstand_ae-index>BT0</programmstand_ae-index>
      <prg-ersteller>A</prg-ersteller>
    </progref>
    <swfl-sgbmid-paf>
      <processClass>SWFL</processClass>
      <id>000001F8</id>
      <mainVersion>5</mainVersion>
      <subVersion>3</subVersion>
      <patchVersion>2</patchVersion>
    </swfl-sgbmid-paf>
  </row>
  <!--ZBNr: 9193916, I-Stufe: F001-08-09-455-->
  <row>
    <zbnr>9193916</zbnr>
    <progref>
      <ZZZPPPx>02018A0</ZZZPPPx>
      <projektvariante>F</projektvariante>
      <programmstand_ae-index>C40</programmstand_ae-index>
      <prg-ersteller>A</prg-ersteller>
    </progref>
    <swfl-sgbmid-paf>
      <processClass>SWFL</processClass>
      <id>000001F8</id>
      <mainVersion>5</mainVersion>
      <subVersion>5</subVersion>
      <patchVersion>2</patchVersion>
    </swfl-sgbmid-paf>
  </row>
  <!--ZBNr: 9195259, I-Stufe: F010-10-01-250-->
  <row>
    <zbnr>9195259</zbnr>
    <progref>
      <ZZZPPPx>02018A0</ZZZPPPx>
      <projektvariante>F</projektvariante>
      <programmstand_ae-index>CA0</programmstand_ae-index>
      <prg-ersteller>A</prg-ersteller>
    </progref>
    <swfl-sgbmid-paf>
      <processClass>SWFL</processClass>
      <id>000001F8</id>
      <mainVersion>5</mainVersion>
      <subVersion>6</subVersion>
      <patchVersion>5</patchVersion>
    </swfl-sgbmid-paf>
  </row>
  <!--ZBNr: 9198734, I-Stufe: F001-09-03-415-->
  <row>
    <zbnr>9198734</zbnr>
    <progref>
      <ZZZPPPx>02018A0</ZZZPPPx>
      <projektvariante>F</projektvariante>
      <programmstand_ae-index>CI0</programmstand_ae-index>
      <prg-ersteller>A</prg-ersteller>
    </progref>
    <swfl-sgbmid-paf>
      <processClass>SWFL</processClass>
      <id>000001F8</id>
      <mainVersion>6</mainVersion>
      <subVersion>0</subVersion>
      <patchVersion>6</patchVersion>
    </swfl-sgbmid-paf>
  </row>
  <!--ZBNr: 9200821, I-Stufe: F001-08-09-505-->
  <row>
    <zbnr>9200821</zbnr>
    <progref>
      <ZZZPPPx>02018A0</ZZZPPPx>
      <projektvariante>F</projektvariante>
      <programmstand_ae-index>CC0</programmstand_ae-index>
      <prg-ersteller>A</prg-ersteller>
    </progref>
    <swfl-sgbmid-paf>
      <processClass>SWFL</processClass>
      <id>000001F8</id>
      <mainVersion>5</mainVersion>
      <subVersion>7</subVersion>
      <patchVersion>0</patchVersion>
    </swfl-sgbmid-paf>
  </row>
  <!--ZBNr: 9204097, I-Stufe: F001-09-03-450-->
  <row>
    <zbnr>9204097</zbnr>
    <progref>
      <ZZZPPPx>02018A0</ZZZPPPx>
      <projektvariante>F</projektvariante>
      <programmstand_ae-index>CO0</programmstand_ae-index>
      <prg-ersteller>A</prg-ersteller>
    </progref>
    <swfl-sgbmid-paf>
      <processClass>SWFL</processClass>
      <id>000001F8</id>
      <mainVersion>6</mainVersion>
      <subVersion>1</subVersion>
      <patchVersion>4</patchVersion>
    </swfl-sgbmid-paf>
  </row>
  <!--ZBNr: 9204545, I-Stufe: F001-08-09-529-->
  <row>
    <zbnr>9204545</zbnr>
    <progref>
      <ZZZPPPx>02018A0</ZZZPPPx>
      <projektvariante>F</projektvariante>
      <programmstand_ae-index>CL0</programmstand_ae-index>
      <prg-ersteller>A</prg-ersteller>
    </progref>
    <swfl-sgbmid-paf>
      <processClass>SWFL</processClass>
      <id>000001F8</id>
      <mainVersion>5</mainVersion>
      <subVersion>8</subVersion>
      <patchVersion>0</patchVersion>
    </swfl-sgbmid-paf>
  </row>
  <!--ZBNr: 9206121, I-Stufe: F010-10-01-330-->
  <row>
    <zbnr>9206121</zbnr>
    <progref>
      <ZZZPPPx>02018A0</ZZZPPPx>
      <projektvariante>F</projektvariante>
      <programmstand_ae-index>CR0</programmstand_ae-index>
      <prg-ersteller>A</prg-ersteller>
    </progref>
    <swfl-sgbmid-paf>
      <processClass>SWFL</processClass>
      <id>000001F8</id>
      <mainVersion>6</mainVersion>
      <subVersion>2</subVersion>
      <patchVersion>2</patchVersion>
    </swfl-sgbmid-paf>
  </row>
  <!--ZBNr: 9207359, I-Stufe: F001-09-08-400-->
  <row>
    <zbnr>9207359</zbnr>
    <progref>
      <ZZZPPPx>02018A0</ZZZPPPx>
      <projektvariante>F</projektvariante>
      <programmstand_ae-index>CY0</programmstand_ae-index>
      <prg-ersteller>A</prg-ersteller>
    </progref>
    <swfl-sgbmid-paf>
      <processClass>SWFL</processClass>
      <id>000001F8</id>
      <mainVersion>6</mainVersion>
      <subVersion>3</subVersion>
      <patchVersion>6</patchVersion>
    </swfl-sgbmid-paf>
  </row>
  <!--ZBNr: 9215184, I-Stufe: F001-09-08-460-->
  <row>
    <zbnr>9215184</zbnr>
    <progref>
      <ZZZPPPx>02018A0</ZZZPPPx>
      <projektvariante>F</projektvariante>
      <programmstand_ae-index>CZ0</programmstand_ae-index>
      <prg-ersteller>A</prg-ersteller>
    </progref>
    <swfl-sgbmid-paf>
      <processClass>SWFL</processClass>
      <id>000001F8</id>
      <mainVersion>6</mainVersion>
      <subVersion>4</subVersion>
      <patchVersion>0</patchVersion>
    </swfl-sgbmid-paf>
  </row>
  <!--ZBNr: 9221029, I-Stufe: F001-09-08-511-->
  <row>
    <zbnr>9221029</zbnr>
    <progref>
      <ZZZPPPx>02018A0</ZZZPPPx>
      <projektvariante>F</projektvariante>
      <programmstand_ae-index>D00</programmstand_ae-index>
      <prg-ersteller>A</prg-ersteller>
    </progref>
    <swfl-sgbmid-paf>
      <processClass>SWFL</processClass>
      <id>000001F8</id>
      <mainVersion>7</mainVersion>
      <subVersion>0</subVersion>
      <patchVersion>0</patchVersion>
    </swfl-sgbmid-paf>
  </row>
  <!--ZBNr: 9224673, I-Stufe: F010-10-01-450-->
  <row>
    <zbnr>9224673</zbnr>
    <progref>
      <ZZZPPPx>02018A0</ZZZPPPx>
      <projektvariante>F</projektvariante>
      <programmstand_ae-index>D20</programmstand_ae-index>
      <prg-ersteller>A</prg-ersteller>
    </progref>
    <swfl-sgbmid-paf>
      <processClass>SWFL</processClass>
      <id>000001F8</id>
      <mainVersion>7</mainVersion>
      <subVersion>2</subVersion>
      <patchVersion>0</patchVersion>
    </swfl-sgbmid-paf>
  </row>
  <!--ZBNr: 9226711, I-Stufe: F001-10-03-490-->
  <row>
    <zbnr>9226711</zbnr>
    <progref>
      <ZZZPPPx>02018A0</ZZZPPPx>
      <projektvariante>F</projektvariante>
      <programmstand_ae-index>D40</programmstand_ae-index>
      <prg-ersteller>A</prg-ersteller>
    </progref>
    <swfl-sgbmid-paf>
      <processClass>SWFL</processClass>
      <id>000001F8</id>
      <mainVersion>8</mainVersion>
      <subVersion>0</subVersion>
      <patchVersion>1</patchVersion>
    </swfl-sgbmid-paf>
  </row>
</mapping>
