<?xml version="1.0" encoding="UTF-8"?>
<mapping xmlns:xsi="http://www.w3.org/2001/XMLSchema-instance" xsi:noNamespaceSchemaLocation="zb.xsd">
  <!--ZBNr: 6989488, I-Stufe: F010-10-01-330-->
  <row>
    <zbnr>6989488</zbnr>
    <progref>
      <ZZZPPPx>08423I0</ZZZPPPx>
      <projektvariante>F</projektvariante>
      <programmstand_ae-index>720</programmstand_ae-index>
      <prg-ersteller>A</prg-ersteller>
    </progref>
    <swfl-sgbmid-paf>
      <processClass>SWFL</processClass>
      <id>00000204</id>
      <mainVersion>12</mainVersion>
      <subVersion>1</subVersion>
      <patchVersion>4</patchVersion>
    </swfl-sgbmid-paf>
    <hwap-sgbmid>
      <processClass>HWAP</processClass>
      <id>00000263</id>
      <mainVersion>255</mainVersion>
      <subVersion>255</subVersion>
      <patchVersion>255</patchVersion>
    </hwap-sgbmid>
  </row>
  <!--ZBNr: 6989489, I-Stufe: F010-10-01-330-->
  <row>
    <zbnr>6989489</zbnr>
    <progref>
      <ZZZPPPx>08423I0</ZZZPPPx>
      <projektvariante>F</projektvariante>
      <programmstand_ae-index>720</programmstand_ae-index>
      <prg-ersteller>A</prg-ersteller>
    </progref>
    <swfl-sgbmid-paf>
      <processClass>SWFL</processClass>
      <id>00000204</id>
      <mainVersion>12</mainVersion>
      <subVersion>1</subVersion>
      <patchVersion>4</patchVersion>
    </swfl-sgbmid-paf>
    <hwap-sgbmid>
      <processClass>HWAP</processClass>
      <id>00000935</id>
      <mainVersion>255</mainVersion>
      <subVersion>255</subVersion>
      <patchVersion>255</patchVersion>
    </hwap-sgbmid>
  </row>
  <!--ZBNr: 9200486, I-Stufe: F001-09-03-450-->
  <row>
    <zbnr>9200486</zbnr>
    <progref>
      <ZZZPPPx>08423I0</ZZZPPPx>
      <projektvariante>F</projektvariante>
      <programmstand_ae-index>750</programmstand_ae-index>
      <prg-ersteller>A</prg-ersteller>
    </progref>
    <swfl-sgbmid-paf>
      <processClass>SWFL</processClass>
      <id>00000204</id>
      <mainVersion>12</mainVersion>
      <subVersion>1</subVersion>
      <patchVersion>0</patchVersion>
    </swfl-sgbmid-paf>
    <hwap-sgbmid>
      <processClass>HWAP</processClass>
      <id>00000263</id>
      <mainVersion>255</mainVersion>
      <subVersion>255</subVersion>
      <patchVersion>255</patchVersion>
    </hwap-sgbmid>
  </row>
  <!--ZBNr: 9200487, I-Stufe: F001-09-03-450-->
  <row>
    <zbnr>9200487</zbnr>
    <progref>
      <ZZZPPPx>08423I0</ZZZPPPx>
      <projektvariante>F</projektvariante>
      <programmstand_ae-index>750</programmstand_ae-index>
      <prg-ersteller>A</prg-ersteller>
    </progref>
    <swfl-sgbmid-paf>
      <processClass>SWFL</processClass>
      <id>00000204</id>
      <mainVersion>12</mainVersion>
      <subVersion>1</subVersion>
      <patchVersion>0</patchVersion>
    </swfl-sgbmid-paf>
    <hwap-sgbmid>
      <processClass>HWAP</processClass>
      <id>00000935</id>
      <mainVersion>255</mainVersion>
      <subVersion>255</subVersion>
      <patchVersion>255</patchVersion>
    </hwap-sgbmid>
  </row>
  <!--ZBNr: 9205893, I-Stufe: F010-10-01-355-->
  <row>
    <zbnr>9205893</zbnr>
    <progref>
      <ZZZPPPx>08423I0</ZZZPPPx>
      <projektvariante>F</projektvariante>
      <programmstand_ae-index>820</programmstand_ae-index>
      <prg-ersteller>A</prg-ersteller>
    </progref>
    <swfl-sgbmid-paf>
      <processClass>SWFL</processClass>
      <id>00000204</id>
      <mainVersion>12</mainVersion>
      <subVersion>2</subVersion>
      <patchVersion>1</patchVersion>
    </swfl-sgbmid-paf>
    <hwap-sgbmid>
      <processClass>HWAP</processClass>
      <id>00000263</id>
      <mainVersion>255</mainVersion>
      <subVersion>255</subVersion>
      <patchVersion>255</patchVersion>
    </hwap-sgbmid>
  </row>
  <!--ZBNr: 9205894, I-Stufe: F001-09-08-400-->
  <row>
    <zbnr>9205894</zbnr>
    <progref>
      <ZZZPPPx>08423I0</ZZZPPPx>
      <projektvariante>F</projektvariante>
      <programmstand_ae-index>800</programmstand_ae-index>
      <prg-ersteller>A</prg-ersteller>
    </progref>
    <swfl-sgbmid-paf>
      <processClass>SWFL</processClass>
      <id>00000204</id>
      <mainVersion>12</mainVersion>
      <subVersion>1</subVersion>
      <patchVersion>8</patchVersion>
    </swfl-sgbmid-paf>
    <hwap-sgbmid>
      <processClass>HWAP</processClass>
      <id>00000935</id>
      <mainVersion>255</mainVersion>
      <subVersion>255</subVersion>
      <patchVersion>255</patchVersion>
    </hwap-sgbmid>
  </row>
  <!--ZBNr: 9213318, I-Stufe: F010-10-01-400-->
  <row>
    <zbnr>9213318</zbnr>
    <progref>
      <ZZZPPPx>08423I0</ZZZPPPx>
      <projektvariante>F</projektvariante>
      <programmstand_ae-index>860</programmstand_ae-index>
      <prg-ersteller>A</prg-ersteller>
    </progref>
    <swfl-sgbmid-paf>
      <processClass>SWFL</processClass>
      <id>00000204</id>
      <mainVersion>13</mainVersion>
      <subVersion>0</subVersion>
      <patchVersion>2</patchVersion>
    </swfl-sgbmid-paf>
    <hwap-sgbmid>
      <processClass>HWAP</processClass>
      <id>00000263</id>
      <mainVersion>255</mainVersion>
      <subVersion>255</subVersion>
      <patchVersion>255</patchVersion>
    </hwap-sgbmid>
  </row>
  <!--ZBNr: 9213319, I-Stufe: F001-09-08-470-->
  <row>
    <zbnr>9213319</zbnr>
    <progref>
      <ZZZPPPx>08423I0</ZZZPPPx>
      <projektvariante>F</projektvariante>
      <programmstand_ae-index>860</programmstand_ae-index>
      <prg-ersteller>A</prg-ersteller>
    </progref>
    <swfl-sgbmid-paf>
      <processClass>SWFL</processClass>
      <id>00000204</id>
      <mainVersion>13</mainVersion>
      <subVersion>0</subVersion>
      <patchVersion>2</patchVersion>
    </swfl-sgbmid-paf>
    <hwap-sgbmid>
      <processClass>HWAP</processClass>
      <id>00000935</id>
      <mainVersion>255</mainVersion>
      <subVersion>255</subVersion>
      <patchVersion>255</patchVersion>
    </hwap-sgbmid>
  </row>
  <!--ZBNr: 9216166, I-Stufe: F001-09-03-525-->
  <row>
    <zbnr>9216166</zbnr>
    <progref>
      <ZZZPPPx>08423I0</ZZZPPPx>
      <projektvariante>F</projektvariante>
      <programmstand_ae-index>840</programmstand_ae-index>
      <prg-ersteller>A</prg-ersteller>
    </progref>
    <swfl-sgbmid-paf>
      <processClass>SWFL</processClass>
      <id>00000204</id>
      <mainVersion>12</mainVersion>
      <subVersion>2</subVersion>
      <patchVersion>3</patchVersion>
    </swfl-sgbmid-paf>
    <hwap-sgbmid>
      <processClass>HWAP</processClass>
      <id>00000263</id>
      <mainVersion>255</mainVersion>
      <subVersion>255</subVersion>
      <patchVersion>255</patchVersion>
    </hwap-sgbmid>
  </row>
  <!--ZBNr: 9216167, I-Stufe: F001-09-03-520-->
  <row>
    <zbnr>9216167</zbnr>
    <progref>
      <ZZZPPPx>08423I0</ZZZPPPx>
      <projektvariante>F</projektvariante>
      <programmstand_ae-index>830</programmstand_ae-index>
      <prg-ersteller>A</prg-ersteller>
    </progref>
    <swfl-sgbmid-paf>
      <processClass>SWFL</processClass>
      <id>00000204</id>
      <mainVersion>12</mainVersion>
      <subVersion>1</subVersion>
      <patchVersion>9</patchVersion>
    </swfl-sgbmid-paf>
    <hwap-sgbmid>
      <processClass>HWAP</processClass>
      <id>00000935</id>
      <mainVersion>255</mainVersion>
      <subVersion>255</subVersion>
      <patchVersion>255</patchVersion>
    </hwap-sgbmid>
  </row>
  <!--ZBNr: 9219820, I-Stufe: F010-10-01-405-->
  <row>
    <zbnr>9219820</zbnr>
    <progref>
      <ZZZPPPx>08423I0</ZZZPPPx>
      <projektvariante>F</projektvariante>
      <programmstand_ae-index>870</programmstand_ae-index>
      <prg-ersteller>A</prg-ersteller>
    </progref>
    <swfl-sgbmid-paf>
      <processClass>SWFL</processClass>
      <id>00000204</id>
      <mainVersion>13</mainVersion>
      <subVersion>0</subVersion>
      <patchVersion>3</patchVersion>
    </swfl-sgbmid-paf>
    <hwap-sgbmid>
      <processClass>HWAP</processClass>
      <id>00000263</id>
      <mainVersion>255</mainVersion>
      <subVersion>255</subVersion>
      <patchVersion>255</patchVersion>
    </hwap-sgbmid>
  </row>
  <!--ZBNr: 9219821, I-Stufe: F010-10-01-405-->
  <row>
    <zbnr>9219821</zbnr>
    <progref>
      <ZZZPPPx>08423I0</ZZZPPPx>
      <projektvariante>F</projektvariante>
      <programmstand_ae-index>870</programmstand_ae-index>
      <prg-ersteller>A</prg-ersteller>
    </progref>
    <swfl-sgbmid-paf>
      <processClass>SWFL</processClass>
      <id>00000204</id>
      <mainVersion>13</mainVersion>
      <subVersion>0</subVersion>
      <patchVersion>3</patchVersion>
    </swfl-sgbmid-paf>
    <hwap-sgbmid>
      <processClass>HWAP</processClass>
      <id>00000935</id>
      <mainVersion>255</mainVersion>
      <subVersion>255</subVersion>
      <patchVersion>255</patchVersion>
    </hwap-sgbmid>
  </row>
  <!--ZBNr: 9220557, I-Stufe: F010-10-01-410-->
  <row>
    <zbnr>9220557</zbnr>
    <progref>
      <ZZZPPPx>08423I0</ZZZPPPx>
      <projektvariante>F</projektvariante>
      <programmstand_ae-index>910</programmstand_ae-index>
      <prg-ersteller>A</prg-ersteller>
    </progref>
    <swfl-sgbmid-paf>
      <processClass>SWFL</processClass>
      <id>00000204</id>
      <mainVersion>13</mainVersion>
      <subVersion>0</subVersion>
      <patchVersion>7</patchVersion>
    </swfl-sgbmid-paf>
    <hwap-sgbmid>
      <processClass>HWAP</processClass>
      <id>00000263</id>
      <mainVersion>255</mainVersion>
      <subVersion>255</subVersion>
      <patchVersion>255</patchVersion>
    </hwap-sgbmid>
  </row>
  <!--ZBNr: 9220558, I-Stufe: F001-09-08-510-->
  <row>
    <zbnr>9220558</zbnr>
    <progref>
      <ZZZPPPx>08423I0</ZZZPPPx>
      <projektvariante>F</projektvariante>
      <programmstand_ae-index>910</programmstand_ae-index>
      <prg-ersteller>A</prg-ersteller>
    </progref>
    <swfl-sgbmid-paf>
      <processClass>SWFL</processClass>
      <id>00000204</id>
      <mainVersion>13</mainVersion>
      <subVersion>0</subVersion>
      <patchVersion>7</patchVersion>
    </swfl-sgbmid-paf>
    <hwap-sgbmid>
      <processClass>HWAP</processClass>
      <id>00000935</id>
      <mainVersion>255</mainVersion>
      <subVersion>255</subVersion>
      <patchVersion>255</patchVersion>
    </hwap-sgbmid>
  </row>
  <!--ZBNr: 9224420, I-Stufe: F001-09-08-515-->
  <row>
    <zbnr>9224420</zbnr>
    <progref>
      <ZZZPPPx>08423I0</ZZZPPPx>
      <projektvariante>F</projektvariante>
      <programmstand_ae-index>930</programmstand_ae-index>
      <prg-ersteller>A</prg-ersteller>
    </progref>
    <swfl-sgbmid-paf>
      <processClass>SWFL</processClass>
      <id>00000204</id>
      <mainVersion>13</mainVersion>
      <subVersion>1</subVersion>
      <patchVersion>10</patchVersion>
    </swfl-sgbmid-paf>
    <hwap-sgbmid>
      <processClass>HWAP</processClass>
      <id>00000263</id>
      <mainVersion>255</mainVersion>
      <subVersion>255</subVersion>
      <patchVersion>255</patchVersion>
    </hwap-sgbmid>
  </row>
  <!--ZBNr: 9224421, I-Stufe: F010-10-01-420-->
  <row>
    <zbnr>9224421</zbnr>
    <progref>
      <ZZZPPPx>08423I0</ZZZPPPx>
      <projektvariante>F</projektvariante>
      <programmstand_ae-index>930</programmstand_ae-index>
      <prg-ersteller>A</prg-ersteller>
    </progref>
    <swfl-sgbmid-paf>
      <processClass>SWFL</processClass>
      <id>00000204</id>
      <mainVersion>13</mainVersion>
      <subVersion>1</subVersion>
      <patchVersion>10</patchVersion>
    </swfl-sgbmid-paf>
    <hwap-sgbmid>
      <processClass>HWAP</processClass>
      <id>00000935</id>
      <mainVersion>255</mainVersion>
      <subVersion>255</subVersion>
      <patchVersion>255</patchVersion>
    </hwap-sgbmid>
  </row>
  <!--ZBNr: 9228270, I-Stufe: F001-09-08-532-->
  <row>
    <zbnr>9228270</zbnr>
    <progref>
      <ZZZPPPx>08423I0</ZZZPPPx>
      <projektvariante>F</projektvariante>
      <programmstand_ae-index>940</programmstand_ae-index>
      <prg-ersteller>A</prg-ersteller>
    </progref>
    <swfl-sgbmid-paf>
      <processClass>SWFL</processClass>
      <id>00000204</id>
      <mainVersion>13</mainVersion>
      <subVersion>1</subVersion>
      <patchVersion>2</patchVersion>
    </swfl-sgbmid-paf>
    <hwap-sgbmid>
      <processClass>HWAP</processClass>
      <id>00000263</id>
      <mainVersion>255</mainVersion>
      <subVersion>255</subVersion>
      <patchVersion>255</patchVersion>
    </hwap-sgbmid>
  </row>
  <!--ZBNr: 9228271, I-Stufe: F001-10-03-490-->
  <row>
    <zbnr>9228271</zbnr>
    <progref>
      <ZZZPPPx>08423I0</ZZZPPPx>
      <projektvariante>F</projektvariante>
      <programmstand_ae-index>940</programmstand_ae-index>
      <prg-ersteller>A</prg-ersteller>
    </progref>
    <swfl-sgbmid-paf>
      <processClass>SWFL</processClass>
      <id>00000204</id>
      <mainVersion>13</mainVersion>
      <subVersion>1</subVersion>
      <patchVersion>2</patchVersion>
    </swfl-sgbmid-paf>
    <hwap-sgbmid>
      <processClass>HWAP</processClass>
      <id>00000935</id>
      <mainVersion>255</mainVersion>
      <subVersion>255</subVersion>
      <patchVersion>255</patchVersion>
    </hwap-sgbmid>
  </row>
  <!--ZBNr: 9231089, I-Stufe: F001-10-03-501-->
  <row>
    <zbnr>9231089</zbnr>
    <progref>
      <ZZZPPPx>08423I0</ZZZPPPx>
      <projektvariante>F</projektvariante>
      <programmstand_ae-index>950</programmstand_ae-index>
      <prg-ersteller>A</prg-ersteller>
    </progref>
    <swfl-sgbmid-paf>
      <processClass>SWFL</processClass>
      <id>00000204</id>
      <mainVersion>13</mainVersion>
      <subVersion>1</subVersion>
      <patchVersion>3</patchVersion>
    </swfl-sgbmid-paf>
    <hwap-sgbmid>
      <processClass>HWAP</processClass>
      <id>00000263</id>
      <mainVersion>255</mainVersion>
      <subVersion>255</subVersion>
      <patchVersion>255</patchVersion>
    </hwap-sgbmid>
  </row>
  <!--ZBNr: 9231090, I-Stufe: F010-10-03-504-->
  <row>
    <zbnr>9231090</zbnr>
    <progref>
      <ZZZPPPx>08423I0</ZZZPPPx>
      <projektvariante>F</projektvariante>
      <programmstand_ae-index>950</programmstand_ae-index>
      <prg-ersteller>A</prg-ersteller>
    </progref>
    <swfl-sgbmid-paf>
      <processClass>SWFL</processClass>
      <id>00000204</id>
      <mainVersion>13</mainVersion>
      <subVersion>1</subVersion>
      <patchVersion>3</patchVersion>
    </swfl-sgbmid-paf>
    <hwap-sgbmid>
      <processClass>HWAP</processClass>
      <id>00000935</id>
      <mainVersion>255</mainVersion>
      <subVersion>255</subVersion>
      <patchVersion>255</patchVersion>
    </hwap-sgbmid>
  </row>
  <!--ZBNr: 9153466, I-Stufe: F010-10-01-200-->
  <row>
    <zbnr>9153466</zbnr>
    <progref>
      <ZZZPPPx>08423I0</ZZZPPPx>
      <projektvariante>F</projektvariante>
      <programmstand_ae-index>370</programmstand_ae-index>
      <prg-ersteller>A</prg-ersteller>
    </progref>
    <swfl-sgbmid-paf>
      <processClass>SWFL</processClass>
      <id>00000204</id>
      <mainVersion>9</mainVersion>
      <subVersion>0</subVersion>
      <patchVersion>15</patchVersion>
    </swfl-sgbmid-paf>
    <hwap-sgbmid>
      <processClass>HWAP</processClass>
      <id>00000262</id>
      <mainVersion>255</mainVersion>
      <subVersion>255</subVersion>
      <patchVersion>255</patchVersion>
    </hwap-sgbmid>
  </row>
  <!--ZBNr: 9170014, I-Stufe: F010-10-01-210-->
  <row>
    <zbnr>9170014</zbnr>
    <progref>
      <ZZZPPPx>08423I0</ZZZPPPx>
      <projektvariante>F</projektvariante>
      <programmstand_ae-index>430</programmstand_ae-index>
      <prg-ersteller>A</prg-ersteller>
    </progref>
    <swfl-sgbmid-paf>
      <processClass>SWFL</processClass>
      <id>00000204</id>
      <mainVersion>9</mainVersion>
      <subVersion>1</subVersion>
      <patchVersion>6</patchVersion>
    </swfl-sgbmid-paf>
    <hwap-sgbmid>
      <processClass>HWAP</processClass>
      <id>00000262</id>
      <mainVersion>255</mainVersion>
      <subVersion>255</subVersion>
      <patchVersion>255</patchVersion>
    </hwap-sgbmid>
  </row>
  <!--ZBNr: 9180339, I-Stufe: F001-08-09-410-->
  <row>
    <zbnr>9180339</zbnr>
    <progref>
      <ZZZPPPx>08423I0</ZZZPPPx>
      <projektvariante>F</projektvariante>
      <programmstand_ae-index>480</programmstand_ae-index>
      <prg-ersteller>A</prg-ersteller>
    </progref>
    <swfl-sgbmid-paf>
      <processClass>SWFL</processClass>
      <id>00000204</id>
      <mainVersion>9</mainVersion>
      <subVersion>1</subVersion>
      <patchVersion>13</patchVersion>
    </swfl-sgbmid-paf>
    <hwap-sgbmid>
      <processClass>HWAP</processClass>
      <id>00000262</id>
      <mainVersion>255</mainVersion>
      <subVersion>255</subVersion>
      <patchVersion>255</patchVersion>
    </hwap-sgbmid>
  </row>
  <!--ZBNr: 9180341, I-Stufe: F001-08-09-450-->
  <row>
    <zbnr>9180341</zbnr>
    <progref>
      <ZZZPPPx>08423I0</ZZZPPPx>
      <projektvariante>F</projektvariante>
      <programmstand_ae-index>540</programmstand_ae-index>
      <prg-ersteller>A</prg-ersteller>
    </progref>
    <swfl-sgbmid-paf>
      <processClass>SWFL</processClass>
      <id>00000204</id>
      <mainVersion>9</mainVersion>
      <subVersion>2</subVersion>
      <patchVersion>10</patchVersion>
    </swfl-sgbmid-paf>
    <hwap-sgbmid>
      <processClass>HWAP</processClass>
      <id>00000262</id>
      <mainVersion>255</mainVersion>
      <subVersion>255</subVersion>
      <patchVersion>255</patchVersion>
    </hwap-sgbmid>
  </row>
  <!--ZBNr: 9187804, I-Stufe: F001-08-09-415-->
  <row>
    <zbnr>9187804</zbnr>
    <progref>
      <ZZZPPPx>08423I0</ZZZPPPx>
      <projektvariante>F</projektvariante>
      <programmstand_ae-index>490</programmstand_ae-index>
      <prg-ersteller>A</prg-ersteller>
    </progref>
    <swfl-sgbmid-paf>
      <processClass>SWFL</processClass>
      <id>00000204</id>
      <mainVersion>9</mainVersion>
      <subVersion>1</subVersion>
      <patchVersion>14</patchVersion>
    </swfl-sgbmid-paf>
    <hwap-sgbmid>
      <processClass>HWAP</processClass>
      <id>00000262</id>
      <mainVersion>255</mainVersion>
      <subVersion>255</subVersion>
      <patchVersion>255</patchVersion>
    </hwap-sgbmid>
  </row>
  <!--ZBNr: 9190948, I-Stufe: F010-10-01-250-->
  <row>
    <zbnr>9190948</zbnr>
    <progref>
      <ZZZPPPx>08423I0</ZZZPPPx>
      <projektvariante>F</projektvariante>
      <programmstand_ae-index>610</programmstand_ae-index>
      <prg-ersteller>A</prg-ersteller>
    </progref>
    <swfl-sgbmid-paf>
      <processClass>SWFL</processClass>
      <id>00000204</id>
      <mainVersion>9</mainVersion>
      <subVersion>3</subVersion>
      <patchVersion>1</patchVersion>
    </swfl-sgbmid-paf>
    <hwap-sgbmid>
      <processClass>HWAP</processClass>
      <id>00000262</id>
      <mainVersion>255</mainVersion>
      <subVersion>255</subVersion>
      <patchVersion>255</patchVersion>
    </hwap-sgbmid>
  </row>
  <!--ZBNr: 9192561, I-Stufe: F010-10-01-240-->
  <row>
    <zbnr>9192561</zbnr>
    <progref>
      <ZZZPPPx>08423I0</ZZZPPPx>
      <projektvariante>F</projektvariante>
      <programmstand_ae-index>500</programmstand_ae-index>
      <prg-ersteller>A</prg-ersteller>
    </progref>
    <swfl-sgbmid-paf>
      <processClass>SWFL</processClass>
      <id>00000204</id>
      <mainVersion>9</mainVersion>
      <subVersion>2</subVersion>
      <patchVersion>3</patchVersion>
    </swfl-sgbmid-paf>
    <hwap-sgbmid>
      <processClass>HWAP</processClass>
      <id>00000262</id>
      <mainVersion>255</mainVersion>
      <subVersion>255</subVersion>
      <patchVersion>255</patchVersion>
    </hwap-sgbmid>
  </row>
  <!--ZBNr: 9193929, I-Stufe: F001-09-03-410-->
  <row>
    <zbnr>9193929</zbnr>
    <progref>
      <ZZZPPPx>08423I0</ZZZPPPx>
      <projektvariante>F</projektvariante>
      <programmstand_ae-index>650</programmstand_ae-index>
      <prg-ersteller>A</prg-ersteller>
    </progref>
    <swfl-sgbmid-paf>
      <processClass>SWFL</processClass>
      <id>00000204</id>
      <mainVersion>12</mainVersion>
      <subVersion>0</subVersion>
      <patchVersion>11</patchVersion>
    </swfl-sgbmid-paf>
    <hwap-sgbmid>
      <processClass>HWAP</processClass>
      <id>00000262</id>
      <mainVersion>255</mainVersion>
      <subVersion>255</subVersion>
      <patchVersion>255</patchVersion>
    </hwap-sgbmid>
  </row>
  <!--ZBNr: 9194660, I-Stufe: F001-08-09-455-->
  <row>
    <zbnr>9194660</zbnr>
    <progref>
      <ZZZPPPx>08423I0</ZZZPPPx>
      <projektvariante>F</projektvariante>
      <programmstand_ae-index>570</programmstand_ae-index>
      <prg-ersteller>A</prg-ersteller>
    </progref>
    <swfl-sgbmid-paf>
      <processClass>SWFL</processClass>
      <id>00000204</id>
      <mainVersion>9</mainVersion>
      <subVersion>2</subVersion>
      <patchVersion>14</patchVersion>
    </swfl-sgbmid-paf>
    <hwap-sgbmid>
      <processClass>HWAP</processClass>
      <id>00000262</id>
      <mainVersion>255</mainVersion>
      <subVersion>255</subVersion>
      <patchVersion>255</patchVersion>
    </hwap-sgbmid>
  </row>
  <!--ZBNr: 9199975, I-Stufe: F001-08-09-510-->
  <row>
    <zbnr>9199975</zbnr>
    <progref>
      <ZZZPPPx>08423I0</ZZZPPPx>
      <projektvariante>F</projektvariante>
      <programmstand_ae-index>640</programmstand_ae-index>
      <prg-ersteller>A</prg-ersteller>
    </progref>
    <swfl-sgbmid-paf>
      <processClass>SWFL</processClass>
      <id>00000204</id>
      <mainVersion>9</mainVersion>
      <subVersion>3</subVersion>
      <patchVersion>5</patchVersion>
    </swfl-sgbmid-paf>
    <hwap-sgbmid>
      <processClass>HWAP</processClass>
      <id>00000262</id>
      <mainVersion>255</mainVersion>
      <subVersion>255</subVersion>
      <patchVersion>255</patchVersion>
    </hwap-sgbmid>
  </row>
  <!--ZBNr: 9205929, I-Stufe: F001-08-09-520-->
  <row>
    <zbnr>9205929</zbnr>
    <progref>
      <ZZZPPPx>08423I0</ZZZPPPx>
      <projektvariante>F</projektvariante>
      <programmstand_ae-index>740</programmstand_ae-index>
      <prg-ersteller>A</prg-ersteller>
    </progref>
    <swfl-sgbmid-paf>
      <processClass>SWFL</processClass>
      <id>00000204</id>
      <mainVersion>9</mainVersion>
      <subVersion>4</subVersion>
      <patchVersion>3</patchVersion>
    </swfl-sgbmid-paf>
    <hwap-sgbmid>
      <processClass>HWAP</processClass>
      <id>00000262</id>
      <mainVersion>255</mainVersion>
      <subVersion>255</subVersion>
      <patchVersion>255</patchVersion>
    </hwap-sgbmid>
  </row>
  <!--ZBNr: 9153467, I-Stufe: F010-10-01-200-->
  <row>
    <zbnr>9153467</zbnr>
    <progref>
      <ZZZPPPx>08423I0</ZZZPPPx>
      <projektvariante>F</projektvariante>
      <programmstand_ae-index>370</programmstand_ae-index>
      <prg-ersteller>A</prg-ersteller>
    </progref>
    <swfl-sgbmid-paf>
      <processClass>SWFL</processClass>
      <id>00000204</id>
      <mainVersion>9</mainVersion>
      <subVersion>0</subVersion>
      <patchVersion>15</patchVersion>
    </swfl-sgbmid-paf>
    <hwap-sgbmid>
      <processClass>HWAP</processClass>
      <id>00000263</id>
      <mainVersion>255</mainVersion>
      <subVersion>255</subVersion>
      <patchVersion>255</patchVersion>
    </hwap-sgbmid>
  </row>
  <!--ZBNr: 9170020, I-Stufe: F010-10-01-210-->
  <row>
    <zbnr>9170020</zbnr>
    <progref>
      <ZZZPPPx>08423I0</ZZZPPPx>
      <projektvariante>F</projektvariante>
      <programmstand_ae-index>430</programmstand_ae-index>
      <prg-ersteller>A</prg-ersteller>
    </progref>
    <swfl-sgbmid-paf>
      <processClass>SWFL</processClass>
      <id>00000204</id>
      <mainVersion>9</mainVersion>
      <subVersion>1</subVersion>
      <patchVersion>6</patchVersion>
    </swfl-sgbmid-paf>
    <hwap-sgbmid>
      <processClass>HWAP</processClass>
      <id>00000263</id>
      <mainVersion>255</mainVersion>
      <subVersion>255</subVersion>
      <patchVersion>255</patchVersion>
    </hwap-sgbmid>
  </row>
  <!--ZBNr: 9180340, I-Stufe: F001-08-09-410-->
  <row>
    <zbnr>9180340</zbnr>
    <progref>
      <ZZZPPPx>08423I0</ZZZPPPx>
      <projektvariante>F</projektvariante>
      <programmstand_ae-index>480</programmstand_ae-index>
      <prg-ersteller>A</prg-ersteller>
    </progref>
    <swfl-sgbmid-paf>
      <processClass>SWFL</processClass>
      <id>00000204</id>
      <mainVersion>9</mainVersion>
      <subVersion>1</subVersion>
      <patchVersion>13</patchVersion>
    </swfl-sgbmid-paf>
    <hwap-sgbmid>
      <processClass>HWAP</processClass>
      <id>00000263</id>
      <mainVersion>255</mainVersion>
      <subVersion>255</subVersion>
      <patchVersion>255</patchVersion>
    </hwap-sgbmid>
  </row>
  <!--ZBNr: 9180342, I-Stufe: F001-08-09-450-->
  <row>
    <zbnr>9180342</zbnr>
    <progref>
      <ZZZPPPx>08423I0</ZZZPPPx>
      <projektvariante>F</projektvariante>
      <programmstand_ae-index>540</programmstand_ae-index>
      <prg-ersteller>A</prg-ersteller>
    </progref>
    <swfl-sgbmid-paf>
      <processClass>SWFL</processClass>
      <id>00000204</id>
      <mainVersion>9</mainVersion>
      <subVersion>2</subVersion>
      <patchVersion>10</patchVersion>
    </swfl-sgbmid-paf>
    <hwap-sgbmid>
      <processClass>HWAP</processClass>
      <id>00000263</id>
      <mainVersion>255</mainVersion>
      <subVersion>255</subVersion>
      <patchVersion>255</patchVersion>
    </hwap-sgbmid>
  </row>
  <!--ZBNr: 9187805, I-Stufe: F001-08-09-415-->
  <row>
    <zbnr>9187805</zbnr>
    <progref>
      <ZZZPPPx>08423I0</ZZZPPPx>
      <projektvariante>F</projektvariante>
      <programmstand_ae-index>490</programmstand_ae-index>
      <prg-ersteller>A</prg-ersteller>
    </progref>
    <swfl-sgbmid-paf>
      <processClass>SWFL</processClass>
      <id>00000204</id>
      <mainVersion>9</mainVersion>
      <subVersion>1</subVersion>
      <patchVersion>14</patchVersion>
    </swfl-sgbmid-paf>
    <hwap-sgbmid>
      <processClass>HWAP</processClass>
      <id>00000263</id>
      <mainVersion>255</mainVersion>
      <subVersion>255</subVersion>
      <patchVersion>255</patchVersion>
    </hwap-sgbmid>
  </row>
  <!--ZBNr: 9190949, I-Stufe: F010-10-01-250-->
  <row>
    <zbnr>9190949</zbnr>
    <progref>
      <ZZZPPPx>08423I0</ZZZPPPx>
      <projektvariante>F</projektvariante>
      <programmstand_ae-index>610</programmstand_ae-index>
      <prg-ersteller>A</prg-ersteller>
    </progref>
    <swfl-sgbmid-paf>
      <processClass>SWFL</processClass>
      <id>00000204</id>
      <mainVersion>9</mainVersion>
      <subVersion>3</subVersion>
      <patchVersion>1</patchVersion>
    </swfl-sgbmid-paf>
    <hwap-sgbmid>
      <processClass>HWAP</processClass>
      <id>00000263</id>
      <mainVersion>255</mainVersion>
      <subVersion>255</subVersion>
      <patchVersion>255</patchVersion>
    </hwap-sgbmid>
  </row>
  <!--ZBNr: 9192562, I-Stufe: F010-10-01-240-->
  <row>
    <zbnr>9192562</zbnr>
    <progref>
      <ZZZPPPx>08423I0</ZZZPPPx>
      <projektvariante>F</projektvariante>
      <programmstand_ae-index>500</programmstand_ae-index>
      <prg-ersteller>A</prg-ersteller>
    </progref>
    <swfl-sgbmid-paf>
      <processClass>SWFL</processClass>
      <id>00000204</id>
      <mainVersion>9</mainVersion>
      <subVersion>2</subVersion>
      <patchVersion>3</patchVersion>
    </swfl-sgbmid-paf>
    <hwap-sgbmid>
      <processClass>HWAP</processClass>
      <id>00000263</id>
      <mainVersion>255</mainVersion>
      <subVersion>255</subVersion>
      <patchVersion>255</patchVersion>
    </hwap-sgbmid>
  </row>
  <!--ZBNr: 9193930, I-Stufe: F001-09-03-410-->
  <row>
    <zbnr>9193930</zbnr>
    <progref>
      <ZZZPPPx>08423I0</ZZZPPPx>
      <projektvariante>F</projektvariante>
      <programmstand_ae-index>650</programmstand_ae-index>
      <prg-ersteller>A</prg-ersteller>
    </progref>
    <swfl-sgbmid-paf>
      <processClass>SWFL</processClass>
      <id>00000204</id>
      <mainVersion>12</mainVersion>
      <subVersion>0</subVersion>
      <patchVersion>11</patchVersion>
    </swfl-sgbmid-paf>
    <hwap-sgbmid>
      <processClass>HWAP</processClass>
      <id>00000263</id>
      <mainVersion>255</mainVersion>
      <subVersion>255</subVersion>
      <patchVersion>255</patchVersion>
    </hwap-sgbmid>
  </row>
  <!--ZBNr: 9194661, I-Stufe: F001-08-09-455-->
  <row>
    <zbnr>9194661</zbnr>
    <progref>
      <ZZZPPPx>08423I0</ZZZPPPx>
      <projektvariante>F</projektvariante>
      <programmstand_ae-index>570</programmstand_ae-index>
      <prg-ersteller>A</prg-ersteller>
    </progref>
    <swfl-sgbmid-paf>
      <processClass>SWFL</processClass>
      <id>00000204</id>
      <mainVersion>9</mainVersion>
      <subVersion>2</subVersion>
      <patchVersion>14</patchVersion>
    </swfl-sgbmid-paf>
    <hwap-sgbmid>
      <processClass>HWAP</processClass>
      <id>00000263</id>
      <mainVersion>255</mainVersion>
      <subVersion>255</subVersion>
      <patchVersion>255</patchVersion>
    </hwap-sgbmid>
  </row>
  <!--ZBNr: 9199976, I-Stufe: F001-08-09-505-->
  <row>
    <zbnr>9199976</zbnr>
    <progref>
      <ZZZPPPx>08423I0</ZZZPPPx>
      <projektvariante>F</projektvariante>
      <programmstand_ae-index>640</programmstand_ae-index>
      <prg-ersteller>A</prg-ersteller>
    </progref>
    <swfl-sgbmid-paf>
      <processClass>SWFL</processClass>
      <id>00000204</id>
      <mainVersion>9</mainVersion>
      <subVersion>3</subVersion>
      <patchVersion>5</patchVersion>
    </swfl-sgbmid-paf>
    <hwap-sgbmid>
      <processClass>HWAP</processClass>
      <id>00000263</id>
      <mainVersion>255</mainVersion>
      <subVersion>255</subVersion>
      <patchVersion>255</patchVersion>
    </hwap-sgbmid>
  </row>
  <!--ZBNr: 9202332, I-Stufe: F001-08-09-510-->
  <row>
    <zbnr>9202332</zbnr>
    <progref>
      <ZZZPPPx>08423I0</ZZZPPPx>
      <projektvariante>F</projektvariante>
      <programmstand_ae-index>670</programmstand_ae-index>
      <prg-ersteller>A</prg-ersteller>
    </progref>
    <swfl-sgbmid-paf>
      <processClass>SWFL</processClass>
      <id>00000204</id>
      <mainVersion>9</mainVersion>
      <subVersion>4</subVersion>
      <patchVersion>0</patchVersion>
    </swfl-sgbmid-paf>
    <hwap-sgbmid>
      <processClass>HWAP</processClass>
      <id>00000263</id>
      <mainVersion>255</mainVersion>
      <subVersion>255</subVersion>
      <patchVersion>255</patchVersion>
    </hwap-sgbmid>
  </row>
  <!--ZBNr: 9205930, I-Stufe: F001-08-09-520-->
  <row>
    <zbnr>9205930</zbnr>
    <progref>
      <ZZZPPPx>08423I0</ZZZPPPx>
      <projektvariante>F</projektvariante>
      <programmstand_ae-index>740</programmstand_ae-index>
      <prg-ersteller>A</prg-ersteller>
    </progref>
    <swfl-sgbmid-paf>
      <processClass>SWFL</processClass>
      <id>00000204</id>
      <mainVersion>9</mainVersion>
      <subVersion>4</subVersion>
      <patchVersion>3</patchVersion>
    </swfl-sgbmid-paf>
    <hwap-sgbmid>
      <processClass>HWAP</processClass>
      <id>00000263</id>
      <mainVersion>255</mainVersion>
      <subVersion>255</subVersion>
      <patchVersion>255</patchVersion>
    </hwap-sgbmid>
  </row>
  <!--ZBNr: 6989487, I-Stufe: F010-10-01-330-->
  <row>
    <zbnr>6989487</zbnr>
    <progref>
      <ZZZPPPx>08423I0</ZZZPPPx>
      <projektvariante>F</projektvariante>
      <programmstand_ae-index>720</programmstand_ae-index>
      <prg-ersteller>A</prg-ersteller>
    </progref>
    <swfl-sgbmid-paf>
      <processClass>SWFL</processClass>
      <id>00000204</id>
      <mainVersion>12</mainVersion>
      <subVersion>1</subVersion>
      <patchVersion>4</patchVersion>
    </swfl-sgbmid-paf>
    <hwap-sgbmid>
      <processClass>HWAP</processClass>
      <id>00000262</id>
      <mainVersion>255</mainVersion>
      <subVersion>255</subVersion>
      <patchVersion>255</patchVersion>
    </hwap-sgbmid>
  </row>
  <!--ZBNr: 6989490, I-Stufe: F010-10-01-330-->
  <row>
    <zbnr>6989490</zbnr>
    <progref>
      <ZZZPPPx>08423I0</ZZZPPPx>
      <projektvariante>F</projektvariante>
      <programmstand_ae-index>720</programmstand_ae-index>
      <prg-ersteller>A</prg-ersteller>
    </progref>
    <swfl-sgbmid-paf>
      <processClass>SWFL</processClass>
      <id>00000204</id>
      <mainVersion>12</mainVersion>
      <subVersion>1</subVersion>
      <patchVersion>4</patchVersion>
    </swfl-sgbmid-paf>
    <hwap-sgbmid>
      <processClass>HWAP</processClass>
      <id>00000936</id>
      <mainVersion>255</mainVersion>
      <subVersion>255</subVersion>
      <patchVersion>255</patchVersion>
    </hwap-sgbmid>
  </row>
  <!--ZBNr: 9200485, I-Stufe: F001-09-03-450-->
  <row>
    <zbnr>9200485</zbnr>
    <progref>
      <ZZZPPPx>08423I0</ZZZPPPx>
      <projektvariante>F</projektvariante>
      <programmstand_ae-index>750</programmstand_ae-index>
      <prg-ersteller>A</prg-ersteller>
    </progref>
    <swfl-sgbmid-paf>
      <processClass>SWFL</processClass>
      <id>00000204</id>
      <mainVersion>12</mainVersion>
      <subVersion>1</subVersion>
      <patchVersion>0</patchVersion>
    </swfl-sgbmid-paf>
    <hwap-sgbmid>
      <processClass>HWAP</processClass>
      <id>00000262</id>
      <mainVersion>255</mainVersion>
      <subVersion>255</subVersion>
      <patchVersion>255</patchVersion>
    </hwap-sgbmid>
  </row>
  <!--ZBNr: 9200488, I-Stufe: F001-09-03-450-->
  <row>
    <zbnr>9200488</zbnr>
    <progref>
      <ZZZPPPx>08423I0</ZZZPPPx>
      <projektvariante>F</projektvariante>
      <programmstand_ae-index>750</programmstand_ae-index>
      <prg-ersteller>A</prg-ersteller>
    </progref>
    <swfl-sgbmid-paf>
      <processClass>SWFL</processClass>
      <id>00000204</id>
      <mainVersion>12</mainVersion>
      <subVersion>1</subVersion>
      <patchVersion>0</patchVersion>
    </swfl-sgbmid-paf>
    <hwap-sgbmid>
      <processClass>HWAP</processClass>
      <id>00000936</id>
      <mainVersion>255</mainVersion>
      <subVersion>255</subVersion>
      <patchVersion>255</patchVersion>
    </hwap-sgbmid>
  </row>
  <!--ZBNr: 9205892, I-Stufe: F001-09-08-400-->
  <row>
    <zbnr>9205892</zbnr>
    <progref>
      <ZZZPPPx>08423I0</ZZZPPPx>
      <projektvariante>F</projektvariante>
      <programmstand_ae-index>800</programmstand_ae-index>
      <prg-ersteller>A</prg-ersteller>
    </progref>
    <swfl-sgbmid-paf>
      <processClass>SWFL</processClass>
      <id>00000204</id>
      <mainVersion>12</mainVersion>
      <subVersion>1</subVersion>
      <patchVersion>8</patchVersion>
    </swfl-sgbmid-paf>
    <hwap-sgbmid>
      <processClass>HWAP</processClass>
      <id>00000262</id>
      <mainVersion>255</mainVersion>
      <subVersion>255</subVersion>
      <patchVersion>255</patchVersion>
    </hwap-sgbmid>
  </row>
  <!--ZBNr: 9205895, I-Stufe: F010-10-01-355-->
  <row>
    <zbnr>9205895</zbnr>
    <progref>
      <ZZZPPPx>08423I0</ZZZPPPx>
      <projektvariante>F</projektvariante>
      <programmstand_ae-index>820</programmstand_ae-index>
      <prg-ersteller>A</prg-ersteller>
    </progref>
    <swfl-sgbmid-paf>
      <processClass>SWFL</processClass>
      <id>00000204</id>
      <mainVersion>12</mainVersion>
      <subVersion>2</subVersion>
      <patchVersion>1</patchVersion>
    </swfl-sgbmid-paf>
    <hwap-sgbmid>
      <processClass>HWAP</processClass>
      <id>00000936</id>
      <mainVersion>255</mainVersion>
      <subVersion>255</subVersion>
      <patchVersion>255</patchVersion>
    </hwap-sgbmid>
  </row>
  <!--ZBNr: 9213317, I-Stufe: F010-10-01-400-->
  <row>
    <zbnr>9213317</zbnr>
    <progref>
      <ZZZPPPx>08423I0</ZZZPPPx>
      <projektvariante>F</projektvariante>
      <programmstand_ae-index>860</programmstand_ae-index>
      <prg-ersteller>A</prg-ersteller>
    </progref>
    <swfl-sgbmid-paf>
      <processClass>SWFL</processClass>
      <id>00000204</id>
      <mainVersion>13</mainVersion>
      <subVersion>0</subVersion>
      <patchVersion>2</patchVersion>
    </swfl-sgbmid-paf>
    <hwap-sgbmid>
      <processClass>HWAP</processClass>
      <id>00000262</id>
      <mainVersion>255</mainVersion>
      <subVersion>255</subVersion>
      <patchVersion>255</patchVersion>
    </hwap-sgbmid>
  </row>
  <!--ZBNr: 9213320, I-Stufe: F010-10-01-400-->
  <row>
    <zbnr>9213320</zbnr>
    <progref>
      <ZZZPPPx>08423I0</ZZZPPPx>
      <projektvariante>F</projektvariante>
      <programmstand_ae-index>860</programmstand_ae-index>
      <prg-ersteller>A</prg-ersteller>
    </progref>
    <swfl-sgbmid-paf>
      <processClass>SWFL</processClass>
      <id>00000204</id>
      <mainVersion>13</mainVersion>
      <subVersion>0</subVersion>
      <patchVersion>2</patchVersion>
    </swfl-sgbmid-paf>
    <hwap-sgbmid>
      <processClass>HWAP</processClass>
      <id>00000936</id>
      <mainVersion>255</mainVersion>
      <subVersion>255</subVersion>
      <patchVersion>255</patchVersion>
    </hwap-sgbmid>
  </row>
  <!--ZBNr: 9216165, I-Stufe: F001-09-03-525-->
  <row>
    <zbnr>9216165</zbnr>
    <progref>
      <ZZZPPPx>08423I0</ZZZPPPx>
      <projektvariante>F</projektvariante>
      <programmstand_ae-index>830</programmstand_ae-index>
      <prg-ersteller>A</prg-ersteller>
    </progref>
    <swfl-sgbmid-paf>
      <processClass>SWFL</processClass>
      <id>00000204</id>
      <mainVersion>12</mainVersion>
      <subVersion>1</subVersion>
      <patchVersion>9</patchVersion>
    </swfl-sgbmid-paf>
    <hwap-sgbmid>
      <processClass>HWAP</processClass>
      <id>00000262</id>
      <mainVersion>255</mainVersion>
      <subVersion>255</subVersion>
      <patchVersion>255</patchVersion>
    </hwap-sgbmid>
  </row>
  <!--ZBNr: 9216168, I-Stufe: F001-09-03-510-->
  <row>
    <zbnr>9216168</zbnr>
    <progref>
      <ZZZPPPx>08423I0</ZZZPPPx>
      <projektvariante>F</projektvariante>
      <programmstand_ae-index>840</programmstand_ae-index>
      <prg-ersteller>A</prg-ersteller>
    </progref>
    <swfl-sgbmid-paf>
      <processClass>SWFL</processClass>
      <id>00000204</id>
      <mainVersion>12</mainVersion>
      <subVersion>2</subVersion>
      <patchVersion>3</patchVersion>
    </swfl-sgbmid-paf>
    <hwap-sgbmid>
      <processClass>HWAP</processClass>
      <id>00000936</id>
      <mainVersion>255</mainVersion>
      <subVersion>255</subVersion>
      <patchVersion>255</patchVersion>
    </hwap-sgbmid>
  </row>
  <!--ZBNr: 9219819, I-Stufe: F010-10-01-405-->
  <row>
    <zbnr>9219819</zbnr>
    <progref>
      <ZZZPPPx>08423I0</ZZZPPPx>
      <projektvariante>F</projektvariante>
      <programmstand_ae-index>870</programmstand_ae-index>
      <prg-ersteller>A</prg-ersteller>
    </progref>
    <swfl-sgbmid-paf>
      <processClass>SWFL</processClass>
      <id>00000204</id>
      <mainVersion>13</mainVersion>
      <subVersion>0</subVersion>
      <patchVersion>3</patchVersion>
    </swfl-sgbmid-paf>
    <hwap-sgbmid>
      <processClass>HWAP</processClass>
      <id>00000262</id>
      <mainVersion>255</mainVersion>
      <subVersion>255</subVersion>
      <patchVersion>255</patchVersion>
    </hwap-sgbmid>
  </row>
  <!--ZBNr: 9219822, I-Stufe: F010-10-01-405-->
  <row>
    <zbnr>9219822</zbnr>
    <progref>
      <ZZZPPPx>08423I0</ZZZPPPx>
      <projektvariante>F</projektvariante>
      <programmstand_ae-index>870</programmstand_ae-index>
      <prg-ersteller>A</prg-ersteller>
    </progref>
    <swfl-sgbmid-paf>
      <processClass>SWFL</processClass>
      <id>00000204</id>
      <mainVersion>13</mainVersion>
      <subVersion>0</subVersion>
      <patchVersion>3</patchVersion>
    </swfl-sgbmid-paf>
    <hwap-sgbmid>
      <processClass>HWAP</processClass>
      <id>00000936</id>
      <mainVersion>255</mainVersion>
      <subVersion>255</subVersion>
      <patchVersion>255</patchVersion>
    </hwap-sgbmid>
  </row>
  <!--ZBNr: 9220556, I-Stufe: F001-09-08-510-->
  <row>
    <zbnr>9220556</zbnr>
    <progref>
      <ZZZPPPx>08423I0</ZZZPPPx>
      <projektvariante>F</projektvariante>
      <programmstand_ae-index>910</programmstand_ae-index>
      <prg-ersteller>A</prg-ersteller>
    </progref>
    <swfl-sgbmid-paf>
      <processClass>SWFL</processClass>
      <id>00000204</id>
      <mainVersion>13</mainVersion>
      <subVersion>0</subVersion>
      <patchVersion>7</patchVersion>
    </swfl-sgbmid-paf>
    <hwap-sgbmid>
      <processClass>HWAP</processClass>
      <id>00000262</id>
      <mainVersion>255</mainVersion>
      <subVersion>255</subVersion>
      <patchVersion>255</patchVersion>
    </hwap-sgbmid>
  </row>
  <!--ZBNr: 9220559, I-Stufe: F001-09-08-510-->
  <row>
    <zbnr>9220559</zbnr>
    <progref>
      <ZZZPPPx>08423I0</ZZZPPPx>
      <projektvariante>F</projektvariante>
      <programmstand_ae-index>910</programmstand_ae-index>
      <prg-ersteller>A</prg-ersteller>
    </progref>
    <swfl-sgbmid-paf>
      <processClass>SWFL</processClass>
      <id>00000204</id>
      <mainVersion>13</mainVersion>
      <subVersion>0</subVersion>
      <patchVersion>7</patchVersion>
    </swfl-sgbmid-paf>
    <hwap-sgbmid>
      <processClass>HWAP</processClass>
      <id>00000936</id>
      <mainVersion>255</mainVersion>
      <subVersion>255</subVersion>
      <patchVersion>255</patchVersion>
    </hwap-sgbmid>
  </row>
  <!--ZBNr: 9224419, I-Stufe: F010-10-01-420-->
  <row>
    <zbnr>9224419</zbnr>
    <progref>
      <ZZZPPPx>08423I0</ZZZPPPx>
      <projektvariante>F</projektvariante>
      <programmstand_ae-index>930</programmstand_ae-index>
      <prg-ersteller>A</prg-ersteller>
    </progref>
    <swfl-sgbmid-paf>
      <processClass>SWFL</processClass>
      <id>00000204</id>
      <mainVersion>13</mainVersion>
      <subVersion>1</subVersion>
      <patchVersion>10</patchVersion>
    </swfl-sgbmid-paf>
    <hwap-sgbmid>
      <processClass>HWAP</processClass>
      <id>00000262</id>
      <mainVersion>255</mainVersion>
      <subVersion>255</subVersion>
      <patchVersion>255</patchVersion>
    </hwap-sgbmid>
  </row>
  <!--ZBNr: 9224422, I-Stufe: F001-09-08-515-->
  <row>
    <zbnr>9224422</zbnr>
    <progref>
      <ZZZPPPx>08423I0</ZZZPPPx>
      <projektvariante>F</projektvariante>
      <programmstand_ae-index>930</programmstand_ae-index>
      <prg-ersteller>A</prg-ersteller>
    </progref>
    <swfl-sgbmid-paf>
      <processClass>SWFL</processClass>
      <id>00000204</id>
      <mainVersion>13</mainVersion>
      <subVersion>1</subVersion>
      <patchVersion>10</patchVersion>
    </swfl-sgbmid-paf>
    <hwap-sgbmid>
      <processClass>HWAP</processClass>
      <id>00000936</id>
      <mainVersion>255</mainVersion>
      <subVersion>255</subVersion>
      <patchVersion>255</patchVersion>
    </hwap-sgbmid>
  </row>
  <!--ZBNr: 9228269, I-Stufe: F001-10-03-490-->
  <row>
    <zbnr>9228269</zbnr>
    <progref>
      <ZZZPPPx>08423I0</ZZZPPPx>
      <projektvariante>F</projektvariante>
      <programmstand_ae-index>940</programmstand_ae-index>
      <prg-ersteller>A</prg-ersteller>
    </progref>
    <swfl-sgbmid-paf>
      <processClass>SWFL</processClass>
      <id>00000204</id>
      <mainVersion>13</mainVersion>
      <subVersion>1</subVersion>
      <patchVersion>2</patchVersion>
    </swfl-sgbmid-paf>
    <hwap-sgbmid>
      <processClass>HWAP</processClass>
      <id>00000262</id>
      <mainVersion>255</mainVersion>
      <subVersion>255</subVersion>
      <patchVersion>255</patchVersion>
    </hwap-sgbmid>
  </row>
  <!--ZBNr: 9228272, I-Stufe: F001-10-03-490-->
  <row>
    <zbnr>9228272</zbnr>
    <progref>
      <ZZZPPPx>08423I0</ZZZPPPx>
      <projektvariante>F</projektvariante>
      <programmstand_ae-index>940</programmstand_ae-index>
      <prg-ersteller>A</prg-ersteller>
    </progref>
    <swfl-sgbmid-paf>
      <processClass>SWFL</processClass>
      <id>00000204</id>
      <mainVersion>13</mainVersion>
      <subVersion>1</subVersion>
      <patchVersion>2</patchVersion>
    </swfl-sgbmid-paf>
    <hwap-sgbmid>
      <processClass>HWAP</processClass>
      <id>00000936</id>
      <mainVersion>255</mainVersion>
      <subVersion>255</subVersion>
      <patchVersion>255</patchVersion>
    </hwap-sgbmid>
  </row>
  <!--ZBNr: 9231088, I-Stufe: F010-10-03-504-->
  <row>
    <zbnr>9231088</zbnr>
    <progref>
      <ZZZPPPx>08423I0</ZZZPPPx>
      <projektvariante>F</projektvariante>
      <programmstand_ae-index>950</programmstand_ae-index>
      <prg-ersteller>A</prg-ersteller>
    </progref>
    <swfl-sgbmid-paf>
      <processClass>SWFL</processClass>
      <id>00000204</id>
      <mainVersion>13</mainVersion>
      <subVersion>1</subVersion>
      <patchVersion>3</patchVersion>
    </swfl-sgbmid-paf>
    <hwap-sgbmid>
      <processClass>HWAP</processClass>
      <id>00000262</id>
      <mainVersion>255</mainVersion>
      <subVersion>255</subVersion>
      <patchVersion>255</patchVersion>
    </hwap-sgbmid>
  </row>
  <!--ZBNr: 9231091, I-Stufe: F010-10-03-504-->
  <row>
    <zbnr>9231091</zbnr>
    <progref>
      <ZZZPPPx>08423I0</ZZZPPPx>
      <projektvariante>F</projektvariante>
      <programmstand_ae-index>950</programmstand_ae-index>
      <prg-ersteller>A</prg-ersteller>
    </progref>
    <swfl-sgbmid-paf>
      <processClass>SWFL</processClass>
      <id>00000204</id>
      <mainVersion>13</mainVersion>
      <subVersion>1</subVersion>
      <patchVersion>3</patchVersion>
    </swfl-sgbmid-paf>
    <hwap-sgbmid>
      <processClass>HWAP</processClass>
      <id>00000936</id>
      <mainVersion>255</mainVersion>
      <subVersion>255</subVersion>
      <patchVersion>255</patchVersion>
    </hwap-sgbmid>
  </row>
</mapping>
