<?xml version="1.0" encoding="UTF-8"?>
<mapping xmlns:xsi="http://www.w3.org/2001/XMLSchema-instance" xsi:noNamespaceSchemaLocation="cafd.xsd">
  <!--ZBNr: 4239284, I-Stufe: F010-10-03-490-->
  <row>
    <zbnr>4239284</zbnr>
    <diagad>55</diagad>
    <cafd-sgbmid>
      <processClass>CAFD</processClass>
      <id>000001F6</id>
    </cafd-sgbmid>
  </row>
  <!--ZBNr: 9177325, I-Stufe: F010-10-01-240-->
  <row>
    <zbnr>9177325</zbnr>
    <diagad>55</diagad>
    <cafd-sgbmid>
      <processClass>CAFD</processClass>
      <id>000001F6</id>
    </cafd-sgbmid>
  </row>
  <!--ZBNr: 9180155, I-Stufe: F001-08-09-400-->
  <row>
    <zbnr>9180155</zbnr>
    <diagad>55</diagad>
    <cafd-sgbmid>
      <processClass>CAFD</processClass>
      <id>000001F6</id>
    </cafd-sgbmid>
  </row>
  <!--ZBNr: 9184080, I-Stufe: F001-08-09-410-->
  <row>
    <zbnr>9184080</zbnr>
    <diagad>55</diagad>
    <cafd-sgbmid>
      <processClass>CAFD</processClass>
      <id>000001F6</id>
    </cafd-sgbmid>
  </row>
  <!--ZBNr: 9188384, I-Stufe: F001-08-09-450-->
  <row>
    <zbnr>9188384</zbnr>
    <diagad>55</diagad>
    <cafd-sgbmid>
      <processClass>CAFD</processClass>
      <id>000001F6</id>
    </cafd-sgbmid>
  </row>
  <!--ZBNr: 9188586, I-Stufe: F001-08-09-415-->
  <row>
    <zbnr>9188586</zbnr>
    <diagad>55</diagad>
    <cafd-sgbmid>
      <processClass>CAFD</processClass>
      <id>000001F6</id>
    </cafd-sgbmid>
  </row>
  <!--ZBNr: 9193917, I-Stufe: F001-08-09-455-->
  <row>
    <zbnr>9193917</zbnr>
    <diagad>55</diagad>
    <cafd-sgbmid>
      <processClass>CAFD</processClass>
      <id>000001F6</id>
    </cafd-sgbmid>
  </row>
  <!--ZBNr: 9195260, I-Stufe: F010-10-01-250-->
  <row>
    <zbnr>9195260</zbnr>
    <diagad>55</diagad>
    <cafd-sgbmid>
      <processClass>CAFD</processClass>
      <id>000001F6</id>
    </cafd-sgbmid>
  </row>
  <!--ZBNr: 9198735, I-Stufe: F010-10-01-300-->
  <row>
    <zbnr>9198735</zbnr>
    <diagad>55</diagad>
    <cafd-sgbmid>
      <processClass>CAFD</processClass>
      <id>000001F6</id>
    </cafd-sgbmid>
  </row>
  <!--ZBNr: 9200822, I-Stufe: F001-08-09-510-->
  <row>
    <zbnr>9200822</zbnr>
    <diagad>55</diagad>
    <cafd-sgbmid>
      <processClass>CAFD</processClass>
      <id>000001F6</id>
    </cafd-sgbmid>
  </row>
  <!--ZBNr: 9204098, I-Stufe: F001-09-03-450-->
  <row>
    <zbnr>9204098</zbnr>
    <diagad>55</diagad>
    <cafd-sgbmid>
      <processClass>CAFD</processClass>
      <id>000001F6</id>
    </cafd-sgbmid>
  </row>
  <!--ZBNr: 9206122, I-Stufe: F010-10-01-330-->
  <row>
    <zbnr>9206122</zbnr>
    <diagad>55</diagad>
    <cafd-sgbmid>
      <processClass>CAFD</processClass>
      <id>000001F6</id>
    </cafd-sgbmid>
  </row>
  <!--ZBNr: 9207360, I-Stufe: F001-09-03-500-->
  <row>
    <zbnr>9207360</zbnr>
    <diagad>55</diagad>
    <cafd-sgbmid>
      <processClass>CAFD</processClass>
      <id>000001F6</id>
    </cafd-sgbmid>
  </row>
  <!--ZBNr: 9223190, I-Stufe: F001-09-08-510-->
  <row>
    <zbnr>9223190</zbnr>
    <diagad>55</diagad>
    <cafd-sgbmid>
      <processClass>CAFD</processClass>
      <id>000001F6</id>
    </cafd-sgbmid>
  </row>
  <!--ZBNr: 9224674, I-Stufe: F010-10-01-420-->
  <row>
    <zbnr>9224674</zbnr>
    <diagad>55</diagad>
    <cafd-sgbmid>
      <processClass>CAFD</processClass>
      <id>000001F6</id>
    </cafd-sgbmid>
  </row>
  <!--ZBNr: 9226712, I-Stufe: F001-10-03-450-->
  <row>
    <zbnr>9226712</zbnr>
    <diagad>55</diagad>
    <cafd-sgbmid>
      <processClass>CAFD</processClass>
      <id>000001F6</id>
    </cafd-sgbmid>
  </row>
  <!--ZBNr: 9229740, I-Stufe: F010-10-12-500-->
  <row>
    <zbnr>9229740</zbnr>
    <diagad>55</diagad>
    <cafd-sgbmid>
      <processClass>CAFD</processClass>
      <id>000001F6</id>
    </cafd-sgbmid>
  </row>
</mapping>
