<?xml version="1.0" encoding="UTF-8"?>
<mapping xmlns:xsi="http://www.w3.org/2001/XMLSchema-instance" xsi:noNamespaceSchemaLocation="hwel.xsd">
  <!--ZBNr: 9153466, I-Stufe: F010-10-01-200-->
  <row>
    <hwnr>9147370</hwnr>
    <zzzppp>08423I</zzzppp>
    <hwel-sgbmid>
      <processClass>HWEL</processClass>
      <id>00000203</id>
      <mainVersion>18</mainVersion>
      <subVersion>2</subVersion>
      <patchVersion>0</patchVersion>
    </hwel-sgbmid>
  </row>
  <!--ZBNr: 9153467, I-Stufe: F010-10-01-200-->
  <row>
    <hwnr>9147371</hwnr>
    <zzzppp>08423I</zzzppp>
    <hwel-sgbmid>
      <processClass>HWEL</processClass>
      <id>00000203</id>
      <mainVersion>18</mainVersion>
      <subVersion>2</subVersion>
      <patchVersion>0</patchVersion>
    </hwel-sgbmid>
  </row>
  <!--ZBNr: 9205929, I-Stufe: F001-08-09-520-->
  <row>
    <hwnr>9180339</hwnr>
    <zzzppp>08423I</zzzppp>
    <hwel-sgbmid>
      <processClass>HWEL</processClass>
      <id>00000203</id>
      <mainVersion>18</mainVersion>
      <subVersion>4</subVersion>
      <patchVersion>0</patchVersion>
    </hwel-sgbmid>
  </row>
  <!--ZBNr: 9205930, I-Stufe: F001-08-09-520-->
  <row>
    <hwnr>9180340</hwnr>
    <zzzppp>08423I</zzzppp>
    <hwel-sgbmid>
      <processClass>HWEL</processClass>
      <id>00000203</id>
      <mainVersion>18</mainVersion>
      <subVersion>4</subVersion>
      <patchVersion>0</patchVersion>
    </hwel-sgbmid>
  </row>
  <!--ZBNr: 9205892, I-Stufe: F001-09-08-400-->
  <row>
    <hwnr>9193929</hwnr>
    <zzzppp>08423I</zzzppp>
    <hwel-sgbmid>
      <processClass>HWEL</processClass>
      <id>00000203</id>
      <mainVersion>19</mainVersion>
      <subVersion>0</subVersion>
      <patchVersion>1</patchVersion>
    </hwel-sgbmid>
  </row>
  <!--ZBNr: 9200486, I-Stufe: F001-09-03-450-->
  <row>
    <hwnr>9193930</hwnr>
    <zzzppp>08423I</zzzppp>
    <hwel-sgbmid>
      <processClass>HWEL</processClass>
      <id>00000203</id>
      <mainVersion>19</mainVersion>
      <subVersion>0</subVersion>
      <patchVersion>1</patchVersion>
    </hwel-sgbmid>
  </row>
  <!--ZBNr: 9205894, I-Stufe: F001-09-08-400-->
  <row>
    <hwnr>9200487</hwnr>
    <zzzppp>08423I</zzzppp>
    <hwel-sgbmid>
      <processClass>HWEL</processClass>
      <id>00000203</id>
      <mainVersion>19</mainVersion>
      <subVersion>0</subVersion>
      <patchVersion>1</patchVersion>
    </hwel-sgbmid>
  </row>
  <!--ZBNr: 9216168, I-Stufe: F001-09-03-510-->
  <row>
    <hwnr>9200488</hwnr>
    <zzzppp>08423I</zzzppp>
    <hwel-sgbmid>
      <processClass>HWEL</processClass>
      <id>00000203</id>
      <mainVersion>19</mainVersion>
      <subVersion>0</subVersion>
      <patchVersion>1</patchVersion>
    </hwel-sgbmid>
  </row>
  <!--ZBNr: 9231088, I-Stufe: F010-10-03-504-->
  <row>
    <hwnr>9213317</hwnr>
    <zzzppp>08423I</zzzppp>
    <hwel-sgbmid>
      <processClass>HWEL</processClass>
      <id>00000BE4</id>
      <mainVersion>19</mainVersion>
      <subVersion>0</subVersion>
      <patchVersion>2</patchVersion>
    </hwel-sgbmid>
  </row>
  <!--ZBNr: 9228270, I-Stufe: F001-09-08-532-->
  <row>
    <hwnr>9213318</hwnr>
    <zzzppp>08423I</zzzppp>
    <hwel-sgbmid>
      <processClass>HWEL</processClass>
      <id>00000BE2</id>
      <mainVersion>19</mainVersion>
      <subVersion>0</subVersion>
      <patchVersion>2</patchVersion>
    </hwel-sgbmid>
  </row>
  <!--ZBNr: 9231090, I-Stufe: F010-10-03-504-->
  <row>
    <hwnr>9213319</hwnr>
    <zzzppp>08423I</zzzppp>
    <hwel-sgbmid>
      <processClass>HWEL</processClass>
      <id>00000BE5</id>
      <mainVersion>19</mainVersion>
      <subVersion>0</subVersion>
      <patchVersion>2</patchVersion>
    </hwel-sgbmid>
  </row>
  <!--ZBNr: 9228272, I-Stufe: F001-10-03-490-->
  <row>
    <hwnr>9213320</hwnr>
    <zzzppp>08423I</zzzppp>
    <hwel-sgbmid>
      <processClass>HWEL</processClass>
      <id>00000BE3</id>
      <mainVersion>19</mainVersion>
      <subVersion>0</subVersion>
      <patchVersion>2</patchVersion>
    </hwel-sgbmid>
  </row>
</mapping>
