<?xml version="1.0" encoding="UTF-8"?>
<mapping xmlns:xsi="http://www.w3.org/2001/XMLSchema-instance" xsi:noNamespaceSchemaLocation="cafd.xsd">
  <!--ZBNr: 9171321, I-Stufe: F010-10-01-220-->
  <row>
    <zbnr>9171321</zbnr>
    <diagad>36</diagad>
    <cafd-sgbmid>
      <processClass>CAFD</processClass>
      <id>000001F9</id>
    </cafd-sgbmid>
  </row>
  <!--ZBNr: 9180152, I-Stufe: F001-08-09-400-->
  <row>
    <zbnr>9180152</zbnr>
    <diagad>36</diagad>
    <cafd-sgbmid>
      <processClass>CAFD</processClass>
      <id>000001F9</id>
    </cafd-sgbmid>
  </row>
  <!--ZBNr: 9184085, I-Stufe: F001-08-09-410-->
  <row>
    <zbnr>9184085</zbnr>
    <diagad>36</diagad>
    <cafd-sgbmid>
      <processClass>CAFD</processClass>
      <id>000001F9</id>
    </cafd-sgbmid>
  </row>
  <!--ZBNr: 9188382, I-Stufe: F001-08-09-450-->
  <row>
    <zbnr>9188382</zbnr>
    <diagad>36</diagad>
    <cafd-sgbmid>
      <processClass>CAFD</processClass>
      <id>000001F9</id>
    </cafd-sgbmid>
  </row>
  <!--ZBNr: 9188585, I-Stufe: F001-08-09-415-->
  <row>
    <zbnr>9188585</zbnr>
    <diagad>36</diagad>
    <cafd-sgbmid>
      <processClass>CAFD</processClass>
      <id>000001F9</id>
    </cafd-sgbmid>
  </row>
  <!--ZBNr: 9193916, I-Stufe: F001-08-09-455-->
  <row>
    <zbnr>9193916</zbnr>
    <diagad>36</diagad>
    <cafd-sgbmid>
      <processClass>CAFD</processClass>
      <id>000001F9</id>
    </cafd-sgbmid>
  </row>
  <!--ZBNr: 9195259, I-Stufe: F010-10-01-250-->
  <row>
    <zbnr>9195259</zbnr>
    <diagad>36</diagad>
    <cafd-sgbmid>
      <processClass>CAFD</processClass>
      <id>000001F9</id>
    </cafd-sgbmid>
  </row>
  <!--ZBNr: 9198734, I-Stufe: F001-09-03-415-->
  <row>
    <zbnr>9198734</zbnr>
    <diagad>36</diagad>
    <cafd-sgbmid>
      <processClass>CAFD</processClass>
      <id>000001F9</id>
    </cafd-sgbmid>
  </row>
  <!--ZBNr: 9200821, I-Stufe: F001-08-09-505-->
  <row>
    <zbnr>9200821</zbnr>
    <diagad>36</diagad>
    <cafd-sgbmid>
      <processClass>CAFD</processClass>
      <id>000001F9</id>
    </cafd-sgbmid>
  </row>
  <!--ZBNr: 9204097, I-Stufe: F001-09-03-450-->
  <row>
    <zbnr>9204097</zbnr>
    <diagad>36</diagad>
    <cafd-sgbmid>
      <processClass>CAFD</processClass>
      <id>000001F9</id>
    </cafd-sgbmid>
  </row>
  <!--ZBNr: 9204545, I-Stufe: F001-08-09-529-->
  <row>
    <zbnr>9204545</zbnr>
    <diagad>36</diagad>
    <cafd-sgbmid>
      <processClass>CAFD</processClass>
      <id>000001F9</id>
    </cafd-sgbmid>
  </row>
  <!--ZBNr: 9206121, I-Stufe: F010-10-01-330-->
  <row>
    <zbnr>9206121</zbnr>
    <diagad>36</diagad>
    <cafd-sgbmid>
      <processClass>CAFD</processClass>
      <id>000001F9</id>
    </cafd-sgbmid>
  </row>
  <!--ZBNr: 9207359, I-Stufe: F001-09-08-400-->
  <row>
    <zbnr>9207359</zbnr>
    <diagad>36</diagad>
    <cafd-sgbmid>
      <processClass>CAFD</processClass>
      <id>000001F9</id>
    </cafd-sgbmid>
  </row>
  <!--ZBNr: 9215184, I-Stufe: F001-09-08-460-->
  <row>
    <zbnr>9215184</zbnr>
    <diagad>36</diagad>
    <cafd-sgbmid>
      <processClass>CAFD</processClass>
      <id>000001F9</id>
    </cafd-sgbmid>
  </row>
  <!--ZBNr: 9221029, I-Stufe: F001-09-08-511-->
  <row>
    <zbnr>9221029</zbnr>
    <diagad>36</diagad>
    <cafd-sgbmid>
      <processClass>CAFD</processClass>
      <id>000001F9</id>
    </cafd-sgbmid>
  </row>
  <!--ZBNr: 9224673, I-Stufe: F010-10-01-450-->
  <row>
    <zbnr>9224673</zbnr>
    <diagad>36</diagad>
    <cafd-sgbmid>
      <processClass>CAFD</processClass>
      <id>000001F9</id>
    </cafd-sgbmid>
  </row>
  <!--ZBNr: 9226711, I-Stufe: F001-10-03-490-->
  <row>
    <zbnr>9226711</zbnr>
    <diagad>36</diagad>
    <cafd-sgbmid>
      <processClass>CAFD</processClass>
      <id>000001F9</id>
    </cafd-sgbmid>
  </row>
</mapping>
