<?xml version="1.0" encoding="UTF-8"?>
<mapping xmlns:xsi="http://www.w3.org/2001/XMLSchema-instance" xsi:noNamespaceSchemaLocation="cafd.xsd">
  <!--ZBNr: 6989487, I-Stufe: F010-10-01-330-->
  <row>
    <zbnr>6989487</zbnr>
    <diagad>36</diagad>
    <cafd-sgbmid>
      <processClass>CAFD</processClass>
      <id>00000205</id>
    </cafd-sgbmid>
  </row>
  <!--ZBNr: 6989488, I-Stufe: F010-10-01-330-->
  <row>
    <zbnr>6989488</zbnr>
    <diagad>36</diagad>
    <cafd-sgbmid>
      <processClass>CAFD</processClass>
      <id>00000205</id>
    </cafd-sgbmid>
  </row>
  <!--ZBNr: 6989489, I-Stufe: F010-10-01-330-->
  <row>
    <zbnr>6989489</zbnr>
    <diagad>36</diagad>
    <cafd-sgbmid>
      <processClass>CAFD</processClass>
      <id>00000205</id>
    </cafd-sgbmid>
  </row>
  <!--ZBNr: 6989490, I-Stufe: F010-10-01-330-->
  <row>
    <zbnr>6989490</zbnr>
    <diagad>36</diagad>
    <cafd-sgbmid>
      <processClass>CAFD</processClass>
      <id>00000205</id>
    </cafd-sgbmid>
  </row>
  <!--ZBNr: 9153466, I-Stufe: F010-10-01-200-->
  <row>
    <zbnr>9153466</zbnr>
    <diagad>36</diagad>
    <cafd-sgbmid>
      <processClass>CAFD</processClass>
      <id>00000205</id>
    </cafd-sgbmid>
  </row>
  <!--ZBNr: 9153467, I-Stufe: F010-10-01-200-->
  <row>
    <zbnr>9153467</zbnr>
    <diagad>36</diagad>
    <cafd-sgbmid>
      <processClass>CAFD</processClass>
      <id>00000205</id>
    </cafd-sgbmid>
  </row>
  <!--ZBNr: 9170014, I-Stufe: F010-10-01-210-->
  <row>
    <zbnr>9170014</zbnr>
    <diagad>36</diagad>
    <cafd-sgbmid>
      <processClass>CAFD</processClass>
      <id>00000205</id>
    </cafd-sgbmid>
  </row>
  <!--ZBNr: 9170020, I-Stufe: F010-10-01-210-->
  <row>
    <zbnr>9170020</zbnr>
    <diagad>36</diagad>
    <cafd-sgbmid>
      <processClass>CAFD</processClass>
      <id>00000205</id>
    </cafd-sgbmid>
  </row>
  <!--ZBNr: 9180339, I-Stufe: F001-08-09-410-->
  <row>
    <zbnr>9180339</zbnr>
    <diagad>36</diagad>
    <cafd-sgbmid>
      <processClass>CAFD</processClass>
      <id>00000205</id>
    </cafd-sgbmid>
  </row>
  <!--ZBNr: 9180340, I-Stufe: F001-08-09-410-->
  <row>
    <zbnr>9180340</zbnr>
    <diagad>36</diagad>
    <cafd-sgbmid>
      <processClass>CAFD</processClass>
      <id>00000205</id>
    </cafd-sgbmid>
  </row>
  <!--ZBNr: 9180341, I-Stufe: F001-08-09-450-->
  <row>
    <zbnr>9180341</zbnr>
    <diagad>36</diagad>
    <cafd-sgbmid>
      <processClass>CAFD</processClass>
      <id>00000205</id>
    </cafd-sgbmid>
  </row>
  <!--ZBNr: 9180342, I-Stufe: F001-08-09-450-->
  <row>
    <zbnr>9180342</zbnr>
    <diagad>36</diagad>
    <cafd-sgbmid>
      <processClass>CAFD</processClass>
      <id>00000205</id>
    </cafd-sgbmid>
  </row>
  <!--ZBNr: 9187804, I-Stufe: F001-08-09-415-->
  <row>
    <zbnr>9187804</zbnr>
    <diagad>36</diagad>
    <cafd-sgbmid>
      <processClass>CAFD</processClass>
      <id>00000205</id>
    </cafd-sgbmid>
  </row>
  <!--ZBNr: 9187805, I-Stufe: F001-08-09-415-->
  <row>
    <zbnr>9187805</zbnr>
    <diagad>36</diagad>
    <cafd-sgbmid>
      <processClass>CAFD</processClass>
      <id>00000205</id>
    </cafd-sgbmid>
  </row>
  <!--ZBNr: 9190948, I-Stufe: F010-10-01-250-->
  <row>
    <zbnr>9190948</zbnr>
    <diagad>36</diagad>
    <cafd-sgbmid>
      <processClass>CAFD</processClass>
      <id>00000205</id>
    </cafd-sgbmid>
  </row>
  <!--ZBNr: 9190949, I-Stufe: F010-10-01-250-->
  <row>
    <zbnr>9190949</zbnr>
    <diagad>36</diagad>
    <cafd-sgbmid>
      <processClass>CAFD</processClass>
      <id>00000205</id>
    </cafd-sgbmid>
  </row>
  <!--ZBNr: 9192561, I-Stufe: F010-10-01-240-->
  <row>
    <zbnr>9192561</zbnr>
    <diagad>36</diagad>
    <cafd-sgbmid>
      <processClass>CAFD</processClass>
      <id>00000205</id>
    </cafd-sgbmid>
  </row>
  <!--ZBNr: 9192562, I-Stufe: F010-10-01-240-->
  <row>
    <zbnr>9192562</zbnr>
    <diagad>36</diagad>
    <cafd-sgbmid>
      <processClass>CAFD</processClass>
      <id>00000205</id>
    </cafd-sgbmid>
  </row>
  <!--ZBNr: 9193929, I-Stufe: F001-09-03-410-->
  <row>
    <zbnr>9193929</zbnr>
    <diagad>36</diagad>
    <cafd-sgbmid>
      <processClass>CAFD</processClass>
      <id>00000205</id>
    </cafd-sgbmid>
  </row>
  <!--ZBNr: 9193930, I-Stufe: F001-09-03-410-->
  <row>
    <zbnr>9193930</zbnr>
    <diagad>36</diagad>
    <cafd-sgbmid>
      <processClass>CAFD</processClass>
      <id>00000205</id>
    </cafd-sgbmid>
  </row>
  <!--ZBNr: 9194660, I-Stufe: F001-08-09-455-->
  <row>
    <zbnr>9194660</zbnr>
    <diagad>36</diagad>
    <cafd-sgbmid>
      <processClass>CAFD</processClass>
      <id>00000205</id>
    </cafd-sgbmid>
  </row>
  <!--ZBNr: 9194661, I-Stufe: F001-08-09-455-->
  <row>
    <zbnr>9194661</zbnr>
    <diagad>36</diagad>
    <cafd-sgbmid>
      <processClass>CAFD</processClass>
      <id>00000205</id>
    </cafd-sgbmid>
  </row>
  <!--ZBNr: 9199975, I-Stufe: F001-08-09-510-->
  <row>
    <zbnr>9199975</zbnr>
    <diagad>36</diagad>
    <cafd-sgbmid>
      <processClass>CAFD</processClass>
      <id>00000205</id>
    </cafd-sgbmid>
  </row>
  <!--ZBNr: 9199976, I-Stufe: F001-08-09-505-->
  <row>
    <zbnr>9199976</zbnr>
    <diagad>36</diagad>
    <cafd-sgbmid>
      <processClass>CAFD</processClass>
      <id>00000205</id>
    </cafd-sgbmid>
  </row>
  <!--ZBNr: 9200485, I-Stufe: F001-09-03-450-->
  <row>
    <zbnr>9200485</zbnr>
    <diagad>36</diagad>
    <cafd-sgbmid>
      <processClass>CAFD</processClass>
      <id>00000205</id>
    </cafd-sgbmid>
  </row>
  <!--ZBNr: 9200486, I-Stufe: F001-09-03-450-->
  <row>
    <zbnr>9200486</zbnr>
    <diagad>36</diagad>
    <cafd-sgbmid>
      <processClass>CAFD</processClass>
      <id>00000205</id>
    </cafd-sgbmid>
  </row>
  <!--ZBNr: 9200487, I-Stufe: F001-09-03-450-->
  <row>
    <zbnr>9200487</zbnr>
    <diagad>36</diagad>
    <cafd-sgbmid>
      <processClass>CAFD</processClass>
      <id>00000205</id>
    </cafd-sgbmid>
  </row>
  <!--ZBNr: 9200488, I-Stufe: F001-09-03-450-->
  <row>
    <zbnr>9200488</zbnr>
    <diagad>36</diagad>
    <cafd-sgbmid>
      <processClass>CAFD</processClass>
      <id>00000205</id>
    </cafd-sgbmid>
  </row>
  <!--ZBNr: 9202332, I-Stufe: F001-08-09-510-->
  <row>
    <zbnr>9202332</zbnr>
    <diagad>36</diagad>
    <cafd-sgbmid>
      <processClass>CAFD</processClass>
      <id>00000205</id>
    </cafd-sgbmid>
  </row>
  <!--ZBNr: 9205892, I-Stufe: F001-09-08-400-->
  <row>
    <zbnr>9205892</zbnr>
    <diagad>36</diagad>
    <cafd-sgbmid>
      <processClass>CAFD</processClass>
      <id>00000205</id>
    </cafd-sgbmid>
  </row>
  <!--ZBNr: 9205893, I-Stufe: F010-10-01-355-->
  <row>
    <zbnr>9205893</zbnr>
    <diagad>36</diagad>
    <cafd-sgbmid>
      <processClass>CAFD</processClass>
      <id>00000205</id>
    </cafd-sgbmid>
  </row>
  <!--ZBNr: 9205894, I-Stufe: F001-09-08-400-->
  <row>
    <zbnr>9205894</zbnr>
    <diagad>36</diagad>
    <cafd-sgbmid>
      <processClass>CAFD</processClass>
      <id>00000205</id>
    </cafd-sgbmid>
  </row>
  <!--ZBNr: 9205895, I-Stufe: F010-10-01-355-->
  <row>
    <zbnr>9205895</zbnr>
    <diagad>36</diagad>
    <cafd-sgbmid>
      <processClass>CAFD</processClass>
      <id>00000205</id>
    </cafd-sgbmid>
  </row>
  <!--ZBNr: 9205929, I-Stufe: F001-08-09-520-->
  <row>
    <zbnr>9205929</zbnr>
    <diagad>36</diagad>
    <cafd-sgbmid>
      <processClass>CAFD</processClass>
      <id>00000205</id>
    </cafd-sgbmid>
  </row>
  <!--ZBNr: 9205930, I-Stufe: F001-08-09-520-->
  <row>
    <zbnr>9205930</zbnr>
    <diagad>36</diagad>
    <cafd-sgbmid>
      <processClass>CAFD</processClass>
      <id>00000205</id>
    </cafd-sgbmid>
  </row>
  <!--ZBNr: 9213317, I-Stufe: F010-10-01-400-->
  <row>
    <zbnr>9213317</zbnr>
    <diagad>36</diagad>
    <cafd-sgbmid>
      <processClass>CAFD</processClass>
      <id>00000205</id>
    </cafd-sgbmid>
  </row>
  <!--ZBNr: 9213318, I-Stufe: F010-10-01-400-->
  <row>
    <zbnr>9213318</zbnr>
    <diagad>36</diagad>
    <cafd-sgbmid>
      <processClass>CAFD</processClass>
      <id>00000205</id>
    </cafd-sgbmid>
  </row>
  <!--ZBNr: 9213319, I-Stufe: F001-09-08-470-->
  <row>
    <zbnr>9213319</zbnr>
    <diagad>36</diagad>
    <cafd-sgbmid>
      <processClass>CAFD</processClass>
      <id>00000205</id>
    </cafd-sgbmid>
  </row>
  <!--ZBNr: 9213320, I-Stufe: F010-10-01-400-->
  <row>
    <zbnr>9213320</zbnr>
    <diagad>36</diagad>
    <cafd-sgbmid>
      <processClass>CAFD</processClass>
      <id>00000205</id>
    </cafd-sgbmid>
  </row>
  <!--ZBNr: 9216165, I-Stufe: F001-09-03-525-->
  <row>
    <zbnr>9216165</zbnr>
    <diagad>36</diagad>
    <cafd-sgbmid>
      <processClass>CAFD</processClass>
      <id>00000205</id>
    </cafd-sgbmid>
  </row>
  <!--ZBNr: 9216166, I-Stufe: F001-09-03-525-->
  <row>
    <zbnr>9216166</zbnr>
    <diagad>36</diagad>
    <cafd-sgbmid>
      <processClass>CAFD</processClass>
      <id>00000205</id>
    </cafd-sgbmid>
  </row>
  <!--ZBNr: 9216167, I-Stufe: F001-09-03-520-->
  <row>
    <zbnr>9216167</zbnr>
    <diagad>36</diagad>
    <cafd-sgbmid>
      <processClass>CAFD</processClass>
      <id>00000205</id>
    </cafd-sgbmid>
  </row>
  <!--ZBNr: 9216168, I-Stufe: F001-09-03-510-->
  <row>
    <zbnr>9216168</zbnr>
    <diagad>36</diagad>
    <cafd-sgbmid>
      <processClass>CAFD</processClass>
      <id>00000205</id>
    </cafd-sgbmid>
  </row>
  <!--ZBNr: 9219819, I-Stufe: F010-10-01-405-->
  <row>
    <zbnr>9219819</zbnr>
    <diagad>36</diagad>
    <cafd-sgbmid>
      <processClass>CAFD</processClass>
      <id>00000205</id>
    </cafd-sgbmid>
  </row>
  <!--ZBNr: 9219820, I-Stufe: F010-10-01-405-->
  <row>
    <zbnr>9219820</zbnr>
    <diagad>36</diagad>
    <cafd-sgbmid>
      <processClass>CAFD</processClass>
      <id>00000205</id>
    </cafd-sgbmid>
  </row>
  <!--ZBNr: 9219821, I-Stufe: F010-10-01-405-->
  <row>
    <zbnr>9219821</zbnr>
    <diagad>36</diagad>
    <cafd-sgbmid>
      <processClass>CAFD</processClass>
      <id>00000205</id>
    </cafd-sgbmid>
  </row>
  <!--ZBNr: 9219822, I-Stufe: F010-10-01-405-->
  <row>
    <zbnr>9219822</zbnr>
    <diagad>36</diagad>
    <cafd-sgbmid>
      <processClass>CAFD</processClass>
      <id>00000205</id>
    </cafd-sgbmid>
  </row>
  <!--ZBNr: 9220556, I-Stufe: F001-09-08-510-->
  <row>
    <zbnr>9220556</zbnr>
    <diagad>36</diagad>
    <cafd-sgbmid>
      <processClass>CAFD</processClass>
      <id>00000205</id>
    </cafd-sgbmid>
  </row>
  <!--ZBNr: 9220557, I-Stufe: F010-10-01-410-->
  <row>
    <zbnr>9220557</zbnr>
    <diagad>36</diagad>
    <cafd-sgbmid>
      <processClass>CAFD</processClass>
      <id>00000205</id>
    </cafd-sgbmid>
  </row>
  <!--ZBNr: 9220558, I-Stufe: F001-09-08-510-->
  <row>
    <zbnr>9220558</zbnr>
    <diagad>36</diagad>
    <cafd-sgbmid>
      <processClass>CAFD</processClass>
      <id>00000205</id>
    </cafd-sgbmid>
  </row>
  <!--ZBNr: 9220559, I-Stufe: F001-09-08-510-->
  <row>
    <zbnr>9220559</zbnr>
    <diagad>36</diagad>
    <cafd-sgbmid>
      <processClass>CAFD</processClass>
      <id>00000205</id>
    </cafd-sgbmid>
  </row>
  <!--ZBNr: 9224419, I-Stufe: F010-10-01-420-->
  <row>
    <zbnr>9224419</zbnr>
    <diagad>36</diagad>
    <cafd-sgbmid>
      <processClass>CAFD</processClass>
      <id>00000205</id>
    </cafd-sgbmid>
  </row>
  <!--ZBNr: 9224420, I-Stufe: F001-09-08-515-->
  <row>
    <zbnr>9224420</zbnr>
    <diagad>36</diagad>
    <cafd-sgbmid>
      <processClass>CAFD</processClass>
      <id>00000205</id>
    </cafd-sgbmid>
  </row>
  <!--ZBNr: 9224421, I-Stufe: F010-10-01-420-->
  <row>
    <zbnr>9224421</zbnr>
    <diagad>36</diagad>
    <cafd-sgbmid>
      <processClass>CAFD</processClass>
      <id>00000205</id>
    </cafd-sgbmid>
  </row>
  <!--ZBNr: 9224422, I-Stufe: F001-09-08-515-->
  <row>
    <zbnr>9224422</zbnr>
    <diagad>36</diagad>
    <cafd-sgbmid>
      <processClass>CAFD</processClass>
      <id>00000205</id>
    </cafd-sgbmid>
  </row>
  <!--ZBNr: 9228269, I-Stufe: F001-10-03-490-->
  <row>
    <zbnr>9228269</zbnr>
    <diagad>36</diagad>
    <cafd-sgbmid>
      <processClass>CAFD</processClass>
      <id>00000205</id>
    </cafd-sgbmid>
  </row>
  <!--ZBNr: 9228270, I-Stufe: F001-09-08-532-->
  <row>
    <zbnr>9228270</zbnr>
    <diagad>36</diagad>
    <cafd-sgbmid>
      <processClass>CAFD</processClass>
      <id>00000205</id>
    </cafd-sgbmid>
  </row>
  <!--ZBNr: 9228271, I-Stufe: F001-10-03-490-->
  <row>
    <zbnr>9228271</zbnr>
    <diagad>36</diagad>
    <cafd-sgbmid>
      <processClass>CAFD</processClass>
      <id>00000205</id>
    </cafd-sgbmid>
  </row>
  <!--ZBNr: 9228272, I-Stufe: F001-10-03-490-->
  <row>
    <zbnr>9228272</zbnr>
    <diagad>36</diagad>
    <cafd-sgbmid>
      <processClass>CAFD</processClass>
      <id>00000205</id>
    </cafd-sgbmid>
  </row>
  <!--ZBNr: 9231088, I-Stufe: F010-10-03-504-->
  <row>
    <zbnr>9231088</zbnr>
    <diagad>36</diagad>
    <cafd-sgbmid>
      <processClass>CAFD</processClass>
      <id>00000205</id>
    </cafd-sgbmid>
  </row>
  <!--ZBNr: 9231089, I-Stufe: F001-10-03-501-->
  <row>
    <zbnr>9231089</zbnr>
    <diagad>36</diagad>
    <cafd-sgbmid>
      <processClass>CAFD</processClass>
      <id>00000205</id>
    </cafd-sgbmid>
  </row>
  <!--ZBNr: 9231090, I-Stufe: F010-10-03-504-->
  <row>
    <zbnr>9231090</zbnr>
    <diagad>36</diagad>
    <cafd-sgbmid>
      <processClass>CAFD</processClass>
      <id>00000205</id>
    </cafd-sgbmid>
  </row>
  <!--ZBNr: 9231091, I-Stufe: F010-10-03-504-->
  <row>
    <zbnr>9231091</zbnr>
    <diagad>36</diagad>
    <cafd-sgbmid>
      <processClass>CAFD</processClass>
      <id>00000205</id>
    </cafd-sgbmid>
  </row>
</mapping>
