<?xml version="1.0" encoding="UTF-8"?>
<mapping xmlns:xsi="http://www.w3.org/2001/XMLSchema-instance" xsi:noNamespaceSchemaLocation="zb.xsd">
  <!--ZBNr: 9177325, I-Stufe: F010-10-01-240-->
  <row>
    <zbnr>9177325</zbnr>
    <progref>
      <ZZZPPPx>02023U0</ZZZPPPx>
      <projektvariante>F</projektvariante>
      <programmstand_ae-index>BY0</programmstand_ae-index>
      <prg-ersteller>A</prg-ersteller>
    </progref>
    <datenref>
      <ZZZPPPx>02023U0</ZZZPPPx>
      <projektvariante>F</projektvariante>
      <programmstand_ae-index>BY0</programmstand_ae-index>
      <prg-ersteller>A</prg-ersteller>
      <daten-ersteller>0</daten-ersteller>
      <datensatzbez>GH00</datensatzbez>
    </datenref>
    <swfl-sgbmid-paf>
      <processClass>SWFL</processClass>
      <id>000001F4</id>
      <mainVersion>5</mainVersion>
      <subVersion>10</subVersion>
      <patchVersion>6</patchVersion>
    </swfl-sgbmid-paf>
    <swfl-sgbmid-daf>
      <processClass>SWFL</processClass>
      <id>000001F5</id>
      <mainVersion>5</mainVersion>
      <subVersion>10</subVersion>
      <patchVersion>6</patchVersion>
    </swfl-sgbmid-daf>
  </row>
  <!--ZBNr: 9180155, I-Stufe: F001-08-09-400-->
  <row>
    <zbnr>9180155</zbnr>
    <progref>
      <ZZZPPPx>02023U0</ZZZPPPx>
      <projektvariante>F</projektvariante>
      <programmstand_ae-index>CL0</programmstand_ae-index>
      <prg-ersteller>A</prg-ersteller>
    </progref>
    <datenref>
      <ZZZPPPx>02023U0</ZZZPPPx>
      <projektvariante>F</projektvariante>
      <programmstand_ae-index>CL0</programmstand_ae-index>
      <prg-ersteller>A</prg-ersteller>
      <daten-ersteller>0</daten-ersteller>
      <datensatzbez>GH00</datensatzbez>
    </datenref>
    <swfl-sgbmid-paf>
      <processClass>SWFL</processClass>
      <id>000001F4</id>
      <mainVersion>5</mainVersion>
      <subVersion>17</subVersion>
      <patchVersion>4</patchVersion>
    </swfl-sgbmid-paf>
    <swfl-sgbmid-daf>
      <processClass>SWFL</processClass>
      <id>000001F5</id>
      <mainVersion>5</mainVersion>
      <subVersion>17</subVersion>
      <patchVersion>4</patchVersion>
    </swfl-sgbmid-daf>
  </row>
  <!--ZBNr: 9184080, I-Stufe: F001-08-09-410-->
  <row>
    <zbnr>9184080</zbnr>
    <progref>
      <ZZZPPPx>02023U0</ZZZPPPx>
      <projektvariante>F</projektvariante>
      <programmstand_ae-index>D10</programmstand_ae-index>
      <prg-ersteller>A</prg-ersteller>
    </progref>
    <datenref>
      <ZZZPPPx>02023U0</ZZZPPPx>
      <projektvariante>F</projektvariante>
      <programmstand_ae-index>D10</programmstand_ae-index>
      <prg-ersteller>A</prg-ersteller>
      <daten-ersteller>0</daten-ersteller>
      <datensatzbez>GH00</datensatzbez>
    </datenref>
    <swfl-sgbmid-paf>
      <processClass>SWFL</processClass>
      <id>000001F4</id>
      <mainVersion>5</mainVersion>
      <subVersion>18</subVersion>
      <patchVersion>4</patchVersion>
    </swfl-sgbmid-paf>
    <swfl-sgbmid-daf>
      <processClass>SWFL</processClass>
      <id>000001F5</id>
      <mainVersion>5</mainVersion>
      <subVersion>18</subVersion>
      <patchVersion>4</patchVersion>
    </swfl-sgbmid-daf>
  </row>
  <!--ZBNr: 9188384, I-Stufe: F001-08-09-450-->
  <row>
    <zbnr>9188384</zbnr>
    <progref>
      <ZZZPPPx>02023U0</ZZZPPPx>
      <projektvariante>F</projektvariante>
      <programmstand_ae-index>DE0</programmstand_ae-index>
      <prg-ersteller>A</prg-ersteller>
    </progref>
    <datenref>
      <ZZZPPPx>02023U0</ZZZPPPx>
      <projektvariante>F</projektvariante>
      <programmstand_ae-index>DE0</programmstand_ae-index>
      <prg-ersteller>A</prg-ersteller>
      <daten-ersteller>0</daten-ersteller>
      <datensatzbez>GH00</datensatzbez>
    </datenref>
    <swfl-sgbmid-paf>
      <processClass>SWFL</processClass>
      <id>000001F4</id>
      <mainVersion>5</mainVersion>
      <subVersion>20</subVersion>
      <patchVersion>7</patchVersion>
    </swfl-sgbmid-paf>
    <swfl-sgbmid-daf>
      <processClass>SWFL</processClass>
      <id>000001F5</id>
      <mainVersion>5</mainVersion>
      <subVersion>20</subVersion>
      <patchVersion>7</patchVersion>
    </swfl-sgbmid-daf>
  </row>
  <!--ZBNr: 9188586, I-Stufe: F001-08-09-415-->
  <row>
    <zbnr>9188586</zbnr>
    <progref>
      <ZZZPPPx>02023U0</ZZZPPPx>
      <projektvariante>F</projektvariante>
      <programmstand_ae-index>D60</programmstand_ae-index>
      <prg-ersteller>A</prg-ersteller>
    </progref>
    <datenref>
      <ZZZPPPx>02023U0</ZZZPPPx>
      <projektvariante>F</projektvariante>
      <programmstand_ae-index>D60</programmstand_ae-index>
      <prg-ersteller>A</prg-ersteller>
      <daten-ersteller>0</daten-ersteller>
      <datensatzbez>GH00</datensatzbez>
    </datenref>
    <swfl-sgbmid-paf>
      <processClass>SWFL</processClass>
      <id>000001F4</id>
      <mainVersion>5</mainVersion>
      <subVersion>19</subVersion>
      <patchVersion>3</patchVersion>
    </swfl-sgbmid-paf>
    <swfl-sgbmid-daf>
      <processClass>SWFL</processClass>
      <id>000001F5</id>
      <mainVersion>5</mainVersion>
      <subVersion>19</subVersion>
      <patchVersion>3</patchVersion>
    </swfl-sgbmid-daf>
  </row>
  <!--ZBNr: 9193917, I-Stufe: F001-08-09-455-->
  <row>
    <zbnr>9193917</zbnr>
    <progref>
      <ZZZPPPx>02023U0</ZZZPPPx>
      <projektvariante>F</projektvariante>
      <programmstand_ae-index>DG0</programmstand_ae-index>
      <prg-ersteller>A</prg-ersteller>
    </progref>
    <datenref>
      <ZZZPPPx>02023U0</ZZZPPPx>
      <projektvariante>F</projektvariante>
      <programmstand_ae-index>DG0</programmstand_ae-index>
      <prg-ersteller>A</prg-ersteller>
      <daten-ersteller>0</daten-ersteller>
      <datensatzbez>GH00</datensatzbez>
    </datenref>
    <swfl-sgbmid-paf>
      <processClass>SWFL</processClass>
      <id>000001F4</id>
      <mainVersion>5</mainVersion>
      <subVersion>21</subVersion>
      <patchVersion>2</patchVersion>
    </swfl-sgbmid-paf>
    <swfl-sgbmid-daf>
      <processClass>SWFL</processClass>
      <id>000001F5</id>
      <mainVersion>5</mainVersion>
      <subVersion>21</subVersion>
      <patchVersion>2</patchVersion>
    </swfl-sgbmid-daf>
  </row>
  <!--ZBNr: 9195260, I-Stufe: F010-10-01-250-->
  <row>
    <zbnr>9195260</zbnr>
    <progref>
      <ZZZPPPx>02023U0</ZZZPPPx>
      <projektvariante>F</projektvariante>
      <programmstand_ae-index>DN0</programmstand_ae-index>
      <prg-ersteller>A</prg-ersteller>
    </progref>
    <datenref>
      <ZZZPPPx>02023U0</ZZZPPPx>
      <projektvariante>F</projektvariante>
      <programmstand_ae-index>DN0</programmstand_ae-index>
      <prg-ersteller>A</prg-ersteller>
      <daten-ersteller>0</daten-ersteller>
      <datensatzbez>GH00</datensatzbez>
    </datenref>
    <swfl-sgbmid-paf>
      <processClass>SWFL</processClass>
      <id>000001F4</id>
      <mainVersion>5</mainVersion>
      <subVersion>22</subVersion>
      <patchVersion>6</patchVersion>
    </swfl-sgbmid-paf>
    <swfl-sgbmid-daf>
      <processClass>SWFL</processClass>
      <id>000001F5</id>
      <mainVersion>5</mainVersion>
      <subVersion>22</subVersion>
      <patchVersion>6</patchVersion>
    </swfl-sgbmid-daf>
  </row>
  <!--ZBNr: 9198735, I-Stufe: F010-10-01-300-->
  <row>
    <zbnr>9198735</zbnr>
    <progref>
      <ZZZPPPx>02023U0</ZZZPPPx>
      <projektvariante>F</projektvariante>
      <programmstand_ae-index>DU0</programmstand_ae-index>
      <prg-ersteller>A</prg-ersteller>
    </progref>
    <datenref>
      <ZZZPPPx>02023U0</ZZZPPPx>
      <projektvariante>F</projektvariante>
      <programmstand_ae-index>DU0</programmstand_ae-index>
      <prg-ersteller>A</prg-ersteller>
      <daten-ersteller>0</daten-ersteller>
      <datensatzbez>GH00</datensatzbez>
    </datenref>
    <swfl-sgbmid-paf>
      <processClass>SWFL</processClass>
      <id>000001F4</id>
      <mainVersion>6</mainVersion>
      <subVersion>16</subVersion>
      <patchVersion>5</patchVersion>
    </swfl-sgbmid-paf>
    <swfl-sgbmid-daf>
      <processClass>SWFL</processClass>
      <id>000001F5</id>
      <mainVersion>6</mainVersion>
      <subVersion>16</subVersion>
      <patchVersion>5</patchVersion>
    </swfl-sgbmid-daf>
  </row>
  <!--ZBNr: 9200822, I-Stufe: F001-08-09-510-->
  <row>
    <zbnr>9200822</zbnr>
    <progref>
      <ZZZPPPx>02023U0</ZZZPPPx>
      <projektvariante>F</projektvariante>
      <programmstand_ae-index>DP0</programmstand_ae-index>
      <prg-ersteller>A</prg-ersteller>
    </progref>
    <datenref>
      <ZZZPPPx>02023U0</ZZZPPPx>
      <projektvariante>F</projektvariante>
      <programmstand_ae-index>DP0</programmstand_ae-index>
      <prg-ersteller>A</prg-ersteller>
      <daten-ersteller>0</daten-ersteller>
      <datensatzbez>GH00</datensatzbez>
    </datenref>
    <swfl-sgbmid-paf>
      <processClass>SWFL</processClass>
      <id>000001F4</id>
      <mainVersion>5</mainVersion>
      <subVersion>23</subVersion>
      <patchVersion>0</patchVersion>
    </swfl-sgbmid-paf>
    <swfl-sgbmid-daf>
      <processClass>SWFL</processClass>
      <id>000001F5</id>
      <mainVersion>5</mainVersion>
      <subVersion>23</subVersion>
      <patchVersion>0</patchVersion>
    </swfl-sgbmid-daf>
  </row>
  <!--ZBNr: 9204098, I-Stufe: F001-09-03-450-->
  <row>
    <zbnr>9204098</zbnr>
    <progref>
      <ZZZPPPx>02023U0</ZZZPPPx>
      <projektvariante>F</projektvariante>
      <programmstand_ae-index>E20</programmstand_ae-index>
      <prg-ersteller>A</prg-ersteller>
    </progref>
    <datenref>
      <ZZZPPPx>02023U0</ZZZPPPx>
      <projektvariante>F</projektvariante>
      <programmstand_ae-index>E20</programmstand_ae-index>
      <prg-ersteller>A</prg-ersteller>
      <daten-ersteller>0</daten-ersteller>
      <datensatzbez>GH00</datensatzbez>
    </datenref>
    <swfl-sgbmid-paf>
      <processClass>SWFL</processClass>
      <id>000001F4</id>
      <mainVersion>6</mainVersion>
      <subVersion>17</subVersion>
      <patchVersion>7</patchVersion>
    </swfl-sgbmid-paf>
    <swfl-sgbmid-daf>
      <processClass>SWFL</processClass>
      <id>000001F5</id>
      <mainVersion>6</mainVersion>
      <subVersion>17</subVersion>
      <patchVersion>7</patchVersion>
    </swfl-sgbmid-daf>
  </row>
  <!--ZBNr: 9206122, I-Stufe: F010-10-01-330-->
  <row>
    <zbnr>9206122</zbnr>
    <progref>
      <ZZZPPPx>02023U0</ZZZPPPx>
      <projektvariante>F</projektvariante>
      <programmstand_ae-index>E60</programmstand_ae-index>
      <prg-ersteller>A</prg-ersteller>
    </progref>
    <datenref>
      <ZZZPPPx>02023U0</ZZZPPPx>
      <projektvariante>F</projektvariante>
      <programmstand_ae-index>E60</programmstand_ae-index>
      <prg-ersteller>A</prg-ersteller>
      <daten-ersteller>0</daten-ersteller>
      <datensatzbez>GH00</datensatzbez>
    </datenref>
    <swfl-sgbmid-paf>
      <processClass>SWFL</processClass>
      <id>000001F4</id>
      <mainVersion>6</mainVersion>
      <subVersion>18</subVersion>
      <patchVersion>3</patchVersion>
    </swfl-sgbmid-paf>
    <swfl-sgbmid-daf>
      <processClass>SWFL</processClass>
      <id>000001F5</id>
      <mainVersion>6</mainVersion>
      <subVersion>18</subVersion>
      <patchVersion>3</patchVersion>
    </swfl-sgbmid-daf>
  </row>
  <!--ZBNr: 9207360, I-Stufe: F001-09-03-500-->
  <row>
    <zbnr>9207360</zbnr>
    <progref>
      <ZZZPPPx>02023U0</ZZZPPPx>
      <projektvariante>F</projektvariante>
      <programmstand_ae-index>EE0</programmstand_ae-index>
      <prg-ersteller>A</prg-ersteller>
    </progref>
    <datenref>
      <ZZZPPPx>02023U0</ZZZPPPx>
      <projektvariante>F</projektvariante>
      <programmstand_ae-index>EE0</programmstand_ae-index>
      <prg-ersteller>A</prg-ersteller>
      <daten-ersteller>0</daten-ersteller>
      <datensatzbez>GH00</datensatzbez>
    </datenref>
    <swfl-sgbmid-paf>
      <processClass>SWFL</processClass>
      <id>000001F4</id>
      <mainVersion>6</mainVersion>
      <subVersion>19</subVersion>
      <patchVersion>7</patchVersion>
    </swfl-sgbmid-paf>
    <swfl-sgbmid-daf>
      <processClass>SWFL</processClass>
      <id>000001F5</id>
      <mainVersion>6</mainVersion>
      <subVersion>19</subVersion>
      <patchVersion>7</patchVersion>
    </swfl-sgbmid-daf>
  </row>
  <!--ZBNr: 9223190, I-Stufe: F001-09-08-510-->
  <row>
    <zbnr>9223190</zbnr>
    <progref>
      <ZZZPPPx>02023U0</ZZZPPPx>
      <projektvariante>F</projektvariante>
      <programmstand_ae-index>EF0</programmstand_ae-index>
      <prg-ersteller>A</prg-ersteller>
    </progref>
    <datenref>
      <ZZZPPPx>02023U0</ZZZPPPx>
      <projektvariante>F</projektvariante>
      <programmstand_ae-index>EF0</programmstand_ae-index>
      <prg-ersteller>A</prg-ersteller>
      <daten-ersteller>0</daten-ersteller>
      <datensatzbez>GH00</datensatzbez>
    </datenref>
    <swfl-sgbmid-paf>
      <processClass>SWFL</processClass>
      <id>000001F4</id>
      <mainVersion>7</mainVersion>
      <subVersion>17</subVersion>
      <patchVersion>0</patchVersion>
    </swfl-sgbmid-paf>
    <swfl-sgbmid-daf>
      <processClass>SWFL</processClass>
      <id>000001F5</id>
      <mainVersion>7</mainVersion>
      <subVersion>17</subVersion>
      <patchVersion>0</patchVersion>
    </swfl-sgbmid-daf>
  </row>
  <!--ZBNr: 9224674, I-Stufe: F010-10-01-420-->
  <row>
    <zbnr>9224674</zbnr>
    <progref>
      <ZZZPPPx>02023U0</ZZZPPPx>
      <projektvariante>F</projektvariante>
      <programmstand_ae-index>EG0</programmstand_ae-index>
      <prg-ersteller>A</prg-ersteller>
    </progref>
    <datenref>
      <ZZZPPPx>02023U0</ZZZPPPx>
      <projektvariante>F</projektvariante>
      <programmstand_ae-index>EG0</programmstand_ae-index>
      <prg-ersteller>A</prg-ersteller>
      <daten-ersteller>0</daten-ersteller>
      <datensatzbez>GH00</datensatzbez>
    </datenref>
    <swfl-sgbmid-paf>
      <processClass>SWFL</processClass>
      <id>000001F4</id>
      <mainVersion>7</mainVersion>
      <subVersion>18</subVersion>
      <patchVersion>0</patchVersion>
    </swfl-sgbmid-paf>
    <swfl-sgbmid-daf>
      <processClass>SWFL</processClass>
      <id>000001F5</id>
      <mainVersion>7</mainVersion>
      <subVersion>18</subVersion>
      <patchVersion>0</patchVersion>
    </swfl-sgbmid-daf>
  </row>
  <!--ZBNr: 9226712, I-Stufe: F001-10-03-450-->
  <row>
    <zbnr>9226712</zbnr>
    <progref>
      <ZZZPPPx>02023U0</ZZZPPPx>
      <projektvariante>F</projektvariante>
      <programmstand_ae-index>EJ0</programmstand_ae-index>
      <prg-ersteller>A</prg-ersteller>
    </progref>
    <datenref>
      <ZZZPPPx>02023U0</ZZZPPPx>
      <projektvariante>F</projektvariante>
      <programmstand_ae-index>EJ0</programmstand_ae-index>
      <prg-ersteller>A</prg-ersteller>
      <daten-ersteller>0</daten-ersteller>
      <datensatzbez>GH00</datensatzbez>
    </datenref>
    <swfl-sgbmid-paf>
      <processClass>SWFL</processClass>
      <id>000001F4</id>
      <mainVersion>8</mainVersion>
      <subVersion>16</subVersion>
      <patchVersion>2</patchVersion>
    </swfl-sgbmid-paf>
    <swfl-sgbmid-daf>
      <processClass>SWFL</processClass>
      <id>000001F5</id>
      <mainVersion>8</mainVersion>
      <subVersion>16</subVersion>
      <patchVersion>2</patchVersion>
    </swfl-sgbmid-daf>
  </row>
  <!--ZBNr: 9229740, I-Stufe: F010-10-12-500-->
  <row>
    <zbnr>9229740</zbnr>
    <progref>
      <ZZZPPPx>02023U0</ZZZPPPx>
      <projektvariante>F</projektvariante>
      <programmstand_ae-index>EK0</programmstand_ae-index>
      <prg-ersteller>A</prg-ersteller>
    </progref>
    <datenref>
      <ZZZPPPx>02023U0</ZZZPPPx>
      <projektvariante>F</projektvariante>
      <programmstand_ae-index>EK0</programmstand_ae-index>
      <prg-ersteller>A</prg-ersteller>
      <daten-ersteller>0</daten-ersteller>
      <datensatzbez>GH00</datensatzbez>
    </datenref>
    <swfl-sgbmid-paf>
      <processClass>SWFL</processClass>
      <id>000001F4</id>
      <mainVersion>8</mainVersion>
      <subVersion>17</subVersion>
      <patchVersion>0</patchVersion>
    </swfl-sgbmid-paf>
    <swfl-sgbmid-daf>
      <processClass>SWFL</processClass>
      <id>000001F5</id>
      <mainVersion>8</mainVersion>
      <subVersion>17</subVersion>
      <patchVersion>0</patchVersion>
    </swfl-sgbmid-daf>
  </row>
  <!--ZBNr: 4239284, I-Stufe: F010-10-03-490-->
  <row>
    <zbnr>4239284</zbnr>
    <progref>
      <ZZZPPPx>02023U0</ZZZPPPx>
      <projektvariante>F</projektvariante>
      <programmstand_ae-index>EK0</programmstand_ae-index>
      <prg-ersteller>A</prg-ersteller>
    </progref>
    <datenref>
      <ZZZPPPx>02023U0</ZZZPPPx>
      <projektvariante>F</projektvariante>
      <programmstand_ae-index>EK0</programmstand_ae-index>
      <prg-ersteller>A</prg-ersteller>
      <daten-ersteller>0</daten-ersteller>
      <datensatzbez>GH00</datensatzbez>
    </datenref>
    <swfl-sgbmid-paf>
      <processClass>SWFL</processClass>
      <id>000001F4</id>
      <mainVersion>8</mainVersion>
      <subVersion>17</subVersion>
      <patchVersion>0</patchVersion>
    </swfl-sgbmid-paf>
    <swfl-sgbmid-daf>
      <processClass>SWFL</processClass>
      <id>000001F5</id>
      <mainVersion>8</mainVersion>
      <subVersion>17</subVersion>
      <patchVersion>0</patchVersion>
    </swfl-sgbmid-daf>
  </row>
</mapping>
