<?xml version="1.0" encoding="UTF-8"?>
<mapping xmlns:xsi="http://www.w3.org/2001/XMLSchema-instance" xsi:noNamespaceSchemaLocation="hwel.xsd">
  <!--ZBNr: 9171321, I-Stufe: F010-10-01-220-->
  <row>
    <hwnr>9147516</hwnr>
    <zzzppp>02018A</zzzppp>
    <hwel-sgbmid>
      <processClass>HWEL</processClass>
      <id>000001F7</id>
      <mainVersion>6</mainVersion>
      <subVersion>0</subVersion>
      <patchVersion>0</patchVersion>
    </hwel-sgbmid>
  </row>
  <!--ZBNr: 9188585, I-Stufe: F001-08-09-415-->
  <row>
    <hwnr>9180152</hwnr>
    <zzzppp>02018A</zzzppp>
    <hwel-sgbmid>
      <processClass>HWEL</processClass>
      <id>000001F7</id>
      <mainVersion>7</mainVersion>
      <subVersion>0</subVersion>
      <patchVersion>0</patchVersion>
    </hwel-sgbmid>
  </row>
  <!--ZBNr: 9221029, I-Stufe: F001-09-08-511-->
  <row>
    <hwnr>9200821</hwnr>
    <zzzppp>02018A</zzzppp>
    <hwel-sgbmid>
      <processClass>HWEL</processClass>
      <id>000001F7</id>
      <mainVersion>8</mainVersion>
      <subVersion>0</subVersion>
      <patchVersion>0</patchVersion>
    </hwel-sgbmid>
  </row>
</mapping>
