<?xml version="1.0" encoding="UTF-8"?>
<mapping xmlns:xsi="http://www.w3.org/2001/XMLSchema-instance" xsi:noNamespaceSchemaLocation="hwel.xsd">
  <!--ZBNr: 9177325, I-Stufe: F010-10-01-240-->
  <row>
    <hwnr>9170302</hwnr>
    <zzzppp>02023U</zzzppp>
    <hwel-sgbmid>
      <processClass>HWEL</processClass>
      <id>000001F3</id>
      <mainVersion>7</mainVersion>
      <subVersion>0</subVersion>
      <patchVersion>0</patchVersion>
    </hwel-sgbmid>
  </row>
  <!--ZBNr: 9180155, I-Stufe: F001-08-09-400-->
  <row>
    <hwnr>9180155</hwnr>
    <zzzppp>02023U</zzzppp>
    <hwel-sgbmid>
      <processClass>HWEL</processClass>
      <id>000001F3</id>
      <mainVersion>8</mainVersion>
      <subVersion>0</subVersion>
      <patchVersion>0</patchVersion>
    </hwel-sgbmid>
  </row>
  <!--ZBNr: 9195260, I-Stufe: F010-10-01-250-->
  <row>
    <hwnr>9184080</hwnr>
    <zzzppp>02023U</zzzppp>
    <hwel-sgbmid>
      <processClass>HWEL</processClass>
      <id>000001F3</id>
      <mainVersion>11</mainVersion>
      <subVersion>0</subVersion>
      <patchVersion>0</patchVersion>
    </hwel-sgbmid>
  </row>
  <!--ZBNr: 9223190, I-Stufe: F001-09-08-510-->
  <row>
    <hwnr>9200822</hwnr>
    <zzzppp>02023U</zzzppp>
    <hwel-sgbmid>
      <processClass>HWEL</processClass>
      <id>000001F3</id>
      <mainVersion>12</mainVersion>
      <subVersion>0</subVersion>
      <patchVersion>0</patchVersion>
    </hwel-sgbmid>
  </row>
  <!--ZBNr: 9229740, I-Stufe: F010-10-12-500-->
  <row>
    <hwnr>9229740</hwnr>
    <zzzppp>02023U</zzzppp>
    <hwel-sgbmid>
      <processClass>HWEL</processClass>
      <id>000001F3</id>
      <mainVersion>13</mainVersion>
      <subVersion>0</subVersion>
      <patchVersion>0</patchVersion>
    </hwel-sgbmid>
  </row>
</mapping>
